"ordinal","song_id","title","primary","credit","role","version","inventory_year","status","source_title","isrcs","appearances","earliest_verified_appearance","source_url","review_reasons"
"1","ae4d3613-e31a-4fce-ae33-a0610c3cace4","Digital Girl (Remix)","Jamie Foxx","Jamie Foxx feat. Drake, Kanye West & The-Dream","Feature","Alternate / Remix","2009","approved","Digital Girl (remix)","","1","2009-07-17","https://musicbrainz.org/recording/eb72b86a-5d10-4af8-83f8-baacad0a0627","supplied_artist_credit_differs_from_source_credit"
"2","a8f1d862-cc47-410d-9cd4-1ed36426ee27","Invented Sex","Trey Songz","Trey Songz feat. Drake","Feature","Original","2009","approved","I Invented Sex","USAT20902612;USAT22211807","7","2009-08-31","https://musicbrainz.org/recording/c2859d6d-5bd4-4681-9213-e65df08f00ba","supplied_title_differs_from_source_title;additional_recording_identities_require_review"
"3","62f6bd19-902d-4a36-87f1-a908ff408d91","Money to Blow","Birdman","Birdman feat. Drake & Lil Wayne","Feature","Original","2009","approved","Money to Blow","FR0Z50036285;USCM50900380","5","2009-02-27","https://musicbrainz.org/recording/64f98716-85db-45fd-b6a7-fca62a4a24ee","additional_recording_identities_require_review"
"4","ddf52b50-8c9e-49d5-aaaf-ebe8fc4fcf2e","Fed Up","DJ Khaled","DJ Khaled feat. Usher, Young Jeezy, Rick Ross, Drake & Lil Wayne","Feature","Original","2009","approved","Fed Up","USKO10902274;USKO10902275;USKO11000225","4","2010-03-02","https://musicbrainz.org/recording/f5f82e06-4861-46cb-9c11-a07a5a01cc3c","supplied_artist_credit_differs_from_source_credit;additional_recording_identities_require_review;verified_appearance_year_differs_from_supplied_inventory_year"
"5","280e0fb6-5c01-4301-ab7e-2ee59fdfd87f","4 My Town (Play Ball)","Birdman","Birdman feat. Drake & Lil Wayne","Feature","Original","2009","approved","4 My Town (Play Ball)","USCM50901149","3","2009-11-23","https://musicbrainz.org/recording/ab08a1cf-f2c1-4cb1-a69b-5001b895b044",""
"6","47f2d563-2240-4009-bf57-dcf510084aee","You Got Me","Lil Wayne","Lil Wayne feat. Drake","Feature","Original","2010","needs_review","","","0","","","no_verified_metadata_match_in_cached_sources"
"7","a9b4c453-89b4-43d9-a097-a4980b159d4e","Say Something","Timbaland","Timbaland feat. Drake","Feature","Original","2010","needs_review","Say Something","USUM70904795","9","2009-01-01","https://musicbrainz.org/recording/9dc51669-f015-484c-a164-3b61f822f5fd","feature_list_conflicts_with_joint_primary_source_billing;additional_recording_identities_require_review;verified_appearance_year_differs_from_supplied_inventory_year"
"8","69aa318d-3a70-438d-992a-31d753bd3436","Right Above It","Lil Wayne","Lil Wayne feat. Drake","Feature","Original","2010","approved","Right Above It","USCM51000537","9","2010-08-23","https://musicbrainz.org/recording/e48c820a-3002-4a45-99b4-e5909865a17e",""
"9","c5380a4e-faa3-40f2-891f-c7ec0b33e493","Aston Martin Music","Rick Ross","Rick Ross feat. Drake & Chrisette Michele","Feature","Original","2010","approved","Aston Martin Music (edit)","USUM71017799","1","2011-01-01","https://musicbrainz.org/recording/568c7362-5ea8-4a8e-a2fe-23c18da2407b","supplied_title_differs_from_source_title;additional_recording_identities_require_review;verified_appearance_year_differs_from_supplied_inventory_year"
"10","c7c39438-d3e7-49e9-baca-9a0dae0cfd33","Loving You No More","Diddy – Dirty Money","Diddy – Dirty Money feat. Drake","Feature","Original","2010","needs_review","Loving You No More","USUM71007656","8","2010-01-01","https://musicbrainz.org/recording/3f3ab44b-8c96-4a33-967b-ca5b9a6124d7","feature_list_conflicts_with_joint_primary_source_billing"
"11","cf740739-9ae7-43fc-ac52-8b83a264cf0d","What's My Name?","Rihanna","Rihanna feat. Drake","Feature","Original","2010","approved","What’s My Name?","USUM71025031;USUM72300822","44","2010-01-01","https://musicbrainz.org/recording/2eab2264-5b01-4454-b66c-3eeb46d37e0c","additional_recording_identities_require_review"
"12","bf6feb14-d75c-44c2-b11b-68589ec98651","Fall for Your Type","Jamie Foxx","Jamie Foxx feat. Drake","Feature","Original","2010","approved","Fall for Your Type","USJAY1000195;USJAY1000196","6","2010-12-21","https://musicbrainz.org/recording/e125e9bb-aeda-448e-807f-fd206c48c56f","additional_recording_identities_require_review"
"13","40d6235f-ce06-4388-8615-226b0f089f6f","Moment 4 Life","Nicki Minaj","Nicki Minaj feat. Drake","Feature","Original","2010","approved","Moment 4 Life","USCM51000721;USCM51000722;USUM72200181;USUM72200342","15","2022-08-26","https://musicbrainz.org/recording/263f39c4-f34d-4521-bdc4-05eb30d2d022","additional_recording_identities_require_review;verified_appearance_year_differs_from_supplied_inventory_year"
"14","3f1d9505-08bd-4f91-860f-905901bc6b6b","In the Morning","J. Cole","J. Cole feat. Drake","Feature","Original","2011","approved","In the Morning","QMJMT2104015;USQX91100167;USQX91101156","12","2010-11-12","https://musicbrainz.org/recording/27cab0a4-ee48-44c8-b5c4-ad091bce6ffa","additional_recording_identities_require_review;verified_appearance_year_differs_from_supplied_inventory_year"
"15","c18618fc-11dc-42cd-992f-8843e8987d7f","Poppin' Bottles","T.I.","T.I. feat. Drake","Feature","Original","2011","approved","Poppin’ Bottles","USAT21002613","6","2010-12-02","https://musicbrainz.org/recording/fe334df0-f6e2-4cab-8fbb-827afa6a0530","additional_recording_identities_require_review;verified_appearance_year_differs_from_supplied_inventory_year"
"16","d87ac5b7-d27c-47c0-a0d0-6698c43b559d","I'm on One","DJ Khaled","DJ Khaled feat. Drake, Rick Ross & Lil Wayne","Feature","Original","2011","approved","I’m on One","USCM51100126","6","2011-01-01","https://musicbrainz.org/recording/83fdc5df-fd83-40e1-8d27-0cc23c39a25c","additional_recording_identities_require_review"
"17","10387e8e-2311-4b7e-b67d-5f60bb6cf8c6","She Will","Lil Wayne","Lil Wayne feat. Drake","Feature","Original","2011","needs_review","She Will","FR0Z50036523","1","2011-12-30","https://musicbrainz.org/recording/958cfb5e-0f39-45b0-87d8-990d8dc0528f","feature_list_conflicts_with_joint_primary_source_billing;additional_recording_identities_require_review"
"18","ecb02e34-9bca-4377-ae57-f61c8c30cc27","It's Good","Lil Wayne","Lil Wayne feat. Jadakiss & Drake","Feature","Original","2011","needs_review","It’s Good","USCM51100320;USCM51100321;USCM52100129;USUG12105025","13","2011-03-08","https://musicbrainz.org/recording/22b9f806-0866-4302-8e9e-77e6310991e0","feature_list_conflicts_with_joint_primary_source_billing"
"19","20c48ebf-7c40-4a2c-b373-3af34dd22ec4","Round of Applause","Waka Flocka Flame","Waka Flocka Flame feat. Drake","Feature","Original","2011","approved","Round of Applause","USWB11103148;USWB11103149","9","2011-10-14","https://musicbrainz.org/recording/029d1cf6-da74-48a3-bd11-a3e4f8657a9c","additional_recording_identities_require_review"
"20","c8b2ba04-b6ae-4795-a6a6-c39ddee11060","Mr. Wrong","Mary J. Blige","Mary J. Blige feat. Drake","Feature","Original","2011","approved","Mr. Wrong","USUM71116429","9","2011-01-01","https://musicbrainz.org/recording/098e0525-6d46-4b29-9fef-1f015eaff72f",""
"21","7d08eaba-8133-4dac-ba65-64036ccaceb2","Stay Schemin","Rick Ross","Rick Ross feat. Drake & French Montana","Feature","Original","2012","approved","Stay Schemin","","4","2012-01-06","https://musicbrainz.org/recording/5f3adaef-8def-4b8b-b21d-348a47463d7f",""
"22","091fd00f-b473-4cc6-bfda-b124940b70d6","No Lie","2 Chainz","2 Chainz feat. Drake","Feature","Original","2012","approved","No Lie","FR0Z50024417;USUM71204666","11","2012-01-01","https://musicbrainz.org/recording/411b6199-49a7-4a4f-8ef8-a0938af3e1c7","additional_recording_identities_require_review"
"23","112b24a6-d695-4986-af53-e6f87ba6a978","Amen","Meek Mill","Meek Mill feat. Drake","Feature","Original","2012","needs_review","Amen","FR0Z50037101","1","2012-12-28","https://musicbrainz.org/recording/03b33d21-aadb-487c-8fee-22d6d372ee5e","feature_list_conflicts_with_joint_primary_source_billing;additional_recording_identities_require_review"
"24","a55c980f-138f-41a0-aa5a-d4ecc2cf76a5","Enough Said","Aaliyah","Aaliyah feat. Drake","Feature","Original","2012","approved","Enough Said","","1","2012-08-05","https://musicbrainz.org/recording/77106502-60f7-41fd-a348-e1d90dadcbdf","additional_recording_identities_require_review"
"25","576c13c0-3725-4fa9-8f73-b553f5dbb03b","Diced Pineapples","Rick Ross","Rick Ross feat. Wale & Drake","Feature","Original","2012","needs_review","Diced Pineapples","FR0Z50037109","1","2012-12-28","https://musicbrainz.org/recording/0dcca9c5-31bf-45c0-aea3-2b406c96fc4a","feature_list_conflicts_with_joint_primary_source_billing;additional_recording_identities_require_review"
"26","00361a4b-5495-4c8e-be25-73e07cbb4047","Fuckin' Problems","A$AP Rocky","A$AP Rocky feat. Drake, 2 Chainz & Kendrick Lamar","Feature","Original","2012","approved","Fuckin’ Problems","FR0Z50024419;FR0Z50037102;USRC11201220;USRC11201347","29","2012-10-24","https://musicbrainz.org/recording/c62bf94c-b8ad-40b3-b357-265f91e6fbe5",""
"27","e0e97e6e-f96e-4236-bf2b-10e12b3a0159","Love Me","Lil Wayne","Lil Wayne feat. Drake & Future","Feature","Original","2012","approved","Love Me","USCM51300001","11","2013-01-18","https://musicbrainz.org/recording/37458f0b-7160-4914-9124-9f74370e3a1c","additional_recording_identities_require_review;verified_appearance_year_differs_from_supplied_inventory_year"
"28","50b26808-9f87-44a9-99fd-8ba0fcbd6b2d","Poetic Justice","Kendrick Lamar","Kendrick Lamar feat. Drake","Feature","Original","2012","needs_review","Poetic Justice","USUM71211004;USUM71211178;USUM72214271;USUM72214304;USUM72502829","36","2012-01-01","https://musicbrainz.org/recording/5c2f2e54-328f-4fe6-b3bd-d8a50a1c815e","feature_list_conflicts_with_joint_primary_source_billing;additional_recording_identities_require_review"
"29","948a6ded-f70c-4b77-baea-f35d1518bde7","No New Friends","DJ Khaled","DJ Khaled feat. Drake, Rick Ross & Lil Wayne","Feature","Original","2013","approved","No New Friends","","3","2013-01-01","https://musicbrainz.org/recording/c37068bb-0404-44ad-aa40-585c516addb2",""
"30","272a5cb8-fc07-4852-a5e0-8c4f1f2b6c4d","No Guns Allowed","Snoop Lion","Snoop Lion feat. Drake & Cori B.","Feature","Original","2013","approved","No Guns Allowed","","5","2013-01-01","https://musicbrainz.org/recording/c04ef239-f17a-455b-9bc6-a2a30b40c8b0",""
"31","26bb1d18-3684-44a9-938b-7dafafdf723e","Live For","The Weeknd","The Weeknd feat. Drake","Feature","Original","2013","approved","Live For","USUM71310344;USUM71310350","14","2013-01-01","https://musicbrainz.org/recording/2a44129f-3ea7-432f-ac5f-65476fd6da81",""
"32","0f0bb1b6-55c5-4958-a5bf-5e54c10317c4","Mine","Beyoncé","Beyoncé feat. Drake","Feature","Original","2013","approved","Mine","USSM11307806;USSM11307882","24","2013-12-13","https://musicbrainz.org/recording/09a438dd-fd68-4cf4-b4e6-9cf51fc23e8f",""
"33","2a3c1d4f-82e1-42f9-abba-bcc82fb17dc7","Who Do You Love?","YG","YG feat. Drake","Feature","Original","2014","approved","Who Do You Love","USUM71413946","1","2015-01-01","https://musicbrainz.org/recording/3864aa9f-1ad9-49c6-aa61-6a91eb89aa0b","supplied_title_differs_from_source_title;additional_recording_identities_require_review;verified_appearance_year_differs_from_supplied_inventory_year"
"34","d4a2e489-7c4e-4217-ac8f-ddbebdc12f02","Believe Me","Lil Wayne","Lil Wayne feat. Drake","Feature","Original","2014","approved","Believe Me","USCM51400174","1","2014-09-08","https://musicbrainz.org/recording/95dfd1ce-688d-486b-9489-dc242e096b62","additional_recording_identities_require_review"
"35","d0bb3bdd-5d10-44d2-b5e5-b6f46a7cf3d0","Grindin'","Lil Wayne","Lil Wayne feat. Drake","Feature","Original","2014","approved","Grindin’","USCM51400291","1","2014-08-01","https://musicbrainz.org/recording/67d92df9-d6ba-464a-b6ca-f6f899254e36","additional_recording_identities_require_review"
"36","23166dfb-7743-4434-b6e8-075432972d91","Recognize","PARTYNEXTDOOR","PARTYNEXTDOOR feat. Drake","Feature","Original","2014","approved","Recognize","USWB11401866","2","2014-01-01","https://musicbrainz.org/recording/f205f580-58e9-4044-b7ef-f6d966c93a30",""
"37","b31e5f1f-8c3f-4387-bc99-bdc8ff19dbe2","Tuesday","ILoveMakonnen","ILoveMakonnen feat. Drake","Feature","Original","2014","needs_review","Tuesday","TCABY1424908;USWB11402508","6","2014-06-27","https://musicbrainz.org/recording/be904dde-a764-48dd-9d00-dadaab7cd70c","feature_list_conflicts_with_joint_primary_source_billing;additional_recording_identities_require_review"
"38","3042e021-09fc-4649-b73c-d3a82194abc6","Only","Nicki Minaj","Nicki Minaj feat. Drake, Lil Wayne & Chris Brown","Feature","Original","2014","approved","Only","USCM51400340;USCM51400341","27","2014-10-28","https://musicbrainz.org/recording/d419bd6a-20fe-40ef-ae8e-ed4eacf5401d",""
"39","e2691858-c3f4-4fe6-8d68-d379bd3cd029","Truffle Butter","Nicki Minaj","Nicki Minaj feat. Drake & Lil Wayne","Feature","Original","2015","approved","Truffle Butter","USCM51400405;USCM51400406;USCM51600276","24","2014-12-12","https://musicbrainz.org/recording/04466588-422a-423e-8f3e-10d50b2ea117","additional_recording_identities_require_review;verified_appearance_year_differs_from_supplied_inventory_year"
"40","acfeaf9b-f82e-47ad-80c9-8643bb18d130","Blessings","Big Sean","Big Sean feat. Drake","Feature","Original","2015","approved","Blessings","FR0Z50024530;USUM71501153","11","2015-01-26","https://musicbrainz.org/recording/c2dc3c93-b409-4abc-8ffc-292847b0ce1f","additional_recording_identities_require_review"
"41","4a516f57-790e-4dcf-8d5b-8b5c1fc536bb","100","The Game","The Game feat. Drake","Feature","Original","2015","approved","100","","7","2015-06-23","https://musicbrainz.org/recording/43086aa9-ea7b-4178-9a5c-97fdc4999db6","additional_recording_identities_require_review"
"42","0773eed9-9077-47f8-a29d-b70f4c42c853","My Way (Remix)","Fetty Wap","Fetty Wap feat. Drake","Feature","Alternate / Remix","2015","approved","My Way (remix)","","1","2015-05-06","https://musicbrainz.org/recording/10be3c23-69ea-4d13-8311-2e64ce0dfa81","additional_recording_identities_require_review"
"43","fc0567e3-4989-4eeb-80fa-e5923e2bbb8a","Where Ya At","Future","Future feat. Drake","Feature","Original","2015","approved","Where Ya At","USSM11505577;USSM11505594","8","2015-01-01","https://musicbrainz.org/recording/aa570fc6-17e6-4b52-b3da-db9ac7a91ea4",""
"44","ac82427e-d761-4269-820d-4d5af0c526d5","Work","Rihanna","Rihanna feat. Drake","Feature","Original","2016","approved","Work","QM5FT1600116","17","2016-01-01","https://musicbrainz.org/recording/771e2d85-e47a-4438-bfd4-c760b97786cf","additional_recording_identities_require_review"
"45","c91b251d-ad89-4e91-aa7a-9554e54704e3","Come and See Me","PARTYNEXTDOOR","PARTYNEXTDOOR feat. Drake","Feature","Original","2016","approved","Come and See Me","USWB11600360","5","2016-03-22","https://musicbrainz.org/recording/d2bb360e-d567-4ab2-8d64-21c00c7ad894","additional_recording_identities_require_review"
"46","92896e31-88d7-4831-aa07-50244b9da08c","Why You Always Hatin?","YG","YG feat. Drake & Kamaiyah","Feature","Original","2016","approved","Why You Always Hatin?","USUM71604265","3","2016-06-17","https://musicbrainz.org/recording/1b863fcd-15a1-499d-9c0c-3a6c0b2bc966","additional_recording_identities_require_review"
"47","cca33197-67f7-4009-bdd2-550199ad218c","For Free","DJ Khaled","DJ Khaled feat. Drake","Feature","Original","2016","approved","For Free","USSM11604297;USSM11604298","4","2016-06-03","https://musicbrainz.org/recording/38ae1025-e12e-45ae-8702-10de7bbfc3c2",""
"48","a5d0c90c-9d33-4668-b8bc-c742dec09f89","Back on Road","Gucci Mane","Gucci Mane feat. Drake","Feature","Original","2016","approved","Back on Road","USAT21601831;USAT21601832","4","2016-07-21","https://musicbrainz.org/recording/deeb9cf0-93e5-4e62-a860-bd0f9ac9876b",""
"49","3ea2420a-5758-4b2e-b479-91b332952809","No Shopping","French Montana","French Montana feat. Drake","Feature","Original","2016","approved","No Shopping","USSM11604661;USSM11604672","2","2019-12-06","https://musicbrainz.org/recording/19a5617b-b7dc-459a-8512-f772c1217b10","additional_recording_identities_require_review;verified_appearance_year_differs_from_supplied_inventory_year"
"50","2a47ed29-f4a7-4e36-a33d-cdb68a8df789","Big Amount","2 Chainz","2 Chainz feat. Drake","Feature","Original","2016","approved","Big Amount","USUM71609072","9","2016-08-05","https://musicbrainz.org/recording/69887b08-5c6f-407b-a357-40bae6d6fcf1","additional_recording_identities_require_review"
"51","398ebe3e-8487-43b9-8c66-087728a226c2","Wanna Know (Remix)","Dave","Dave feat. Drake","Feature","Alternate / Remix","2016","approved","Wanna Know (remix)","USWB11602117","1","2016-10-28","https://musicbrainz.org/recording/b998b19e-2e25-46e6-a68f-028b7bb78c4c",""
"52","89ee9038-2053-40ea-9e02-4755a7acc69c","Used to This","Future","Future feat. Drake","Feature","Original","2016","approved","Used to This","USSM11608607","4","2016-11-04","https://musicbrainz.org/recording/7f99fb91-ac2e-4739-82b6-7402e0fad0b8",""
"53","8e5a39bb-f9f2-4ea3-9ea6-c5fa86bed656","Both","Gucci Mane","Gucci Mane feat. Drake","Feature","Original","2016","approved","Both","USAT21603373","3","2016-12-16","https://musicbrainz.org/recording/bf3ec338-29c0-4e57-be66-7d72234e3d6d",""
"54","a65c80ae-c353-4c28-ab5d-f434f1a57f21","No Frauds","Nicki Minaj","Nicki Minaj, Drake & Lil Wayne","Feature / Credit Review","Original","2017","needs_review","No Frauds","USCM51700014","3","2017-03-10","https://musicbrainz.org/recording/e51b8bca-1c55-4a5c-97c3-c8ca2df171e0","feature_list_conflicts_with_joint_primary_source_billing;master_list_requires_performing_credit_verification"
"55","134d4420-8507-4aba-8fbc-9368757cd9aa","To the Max","DJ Khaled","DJ Khaled feat. Drake","Feature","Original","2017","approved","To the Max","USSM11705049;USSM11705050","4","2017-06-05","https://musicbrainz.org/recording/366f70e2-e854-4312-9593-78bc0717d868",""
"56","06597c9d-d344-4418-97d2-1f49ce578d42","Look Alive","BlocBoy JB","BlocBoy JB feat. Drake","Feature","Original","2018","approved","Look Alive","USWB11800211;USWB11800247","4","2018-02-08","https://musicbrainz.org/recording/6f059dc4-3541-498c-b2ac-4adbf3bd3a7f","additional_recording_identities_require_review"
"57","c95060d4-3d36-429f-9478-a862a0cdbc58","Walk It Talk It","Migos","Migos feat. Drake","Feature","Original","2018","approved","Walk It Talk It","USUM71800983;USUM71801016","8","2018-01-26","https://musicbrainz.org/recording/1a31295b-38e4-4681-b854-f7d729a552f4",""
"58","a222147e-e574-42e1-9127-6290f4b39c6d","Lemon (Drake Remix)","N.E.R.D","N.E.R.D & Rihanna feat. Drake","Feature","Alternate / Remix","2018","approved","Lemon (Drake remix)","USSM11802961","1","2018-03-19","https://musicbrainz.org/recording/f06c2cb2-091e-4d2d-ab3b-cbf995966917",""
"59","b87e7c19-65c5-43dc-8335-123e9a4c3020","Yes Indeed","Lil Baby","Lil Baby & Drake","Feature / Credit Review","Original","2018","needs_review","Yes Indeed","USUM71806749","4","2018-05-15","https://musicbrainz.org/recording/26458ed5-62fd-4132-9e9a-11c74d27d24d","feature_list_conflicts_with_joint_primary_source_billing;additional_recording_identities_require_review;master_list_requires_performing_credit_verification"
"60","a087cda2-da66-4b4c-a15f-9f7a85cccfe3","Bigger Than You","2 Chainz","2 Chainz feat. Drake & Quavo","Feature","Original","2018","needs_review","Bigger Than You","USUG11801241;USUG11801242","3","2018-06-15","https://musicbrainz.org/recording/fe57f19b-f4bb-4492-b8c5-a235a6780069","feature_list_conflicts_with_joint_primary_source_billing"
"61","5e9e294a-7e5b-4f3b-9133-0eb3727a7f71","SICKO MODE","Travis Scott","Travis Scott; Drake performs on recording","Guest Performance / Credit Review","Original","2018","needs_review","SICKO MODE","","1","2018-11-23","https://musicbrainz.org/recording/b7326a80-8332-4ee0-8238-d6737efba347","source_credit_does_not_establish_drake_performance;supplied_artist_credit_differs_from_source_credit;additional_recording_identities_require_review;master_list_requires_performing_credit_verification"
"62","35208067-c804-4eea-987d-b1f6925e936c","No Stylist","French Montana","French Montana feat. Drake","Feature","Original","2018","approved","No Stylist","USSM11807711","3","2018-11-30","https://musicbrainz.org/recording/31ecbfef-cc37-4a81-9a2d-17feff942c11","additional_recording_identities_require_review"
"63","60d23d99-139a-44b3-b929-62f8ec04f2c4","MIA","Bad Bunny","Bad Bunny feat. Drake","Feature","Original","2018","approved","MIA","USWB11802236","9","2018-10-11","https://musicbrainz.org/recording/9611378b-f76b-4795-b61d-da9e0ee07850","additional_recording_identities_require_review"
"64","e54abb28-b82b-45ad-985b-3386873cb981","Never Recover","Lil Baby & Gunna","Lil Baby, Gunna & Drake","Feature / Credit Review","Original","2018","needs_review","Never Recover","USUG11801946;USUG11801947","6","2018-10-05","https://musicbrainz.org/recording/764944d6-f45f-497b-a695-edb30100e13c","feature_list_conflicts_with_joint_primary_source_billing;master_list_requires_performing_credit_verification"
"65","429d7502-15cf-4d03-b2bf-89a8a3bcb81c","Flip the Switch","Quavo","Quavo feat. Drake","Feature","Original","2018","approved","FLIP THE SWITCH","USUG11801831","4","2018-10-12","https://musicbrainz.org/recording/20b25993-a185-4b94-907c-33cbb368b631",""
"66","aea36d5c-cd6b-4255-9bf1-632e2cfa221a","Girls Need Love (Remix)","Summer Walker","Summer Walker & Drake","Feature / Credit Review","Alternate / Remix","2019","needs_review","Girls Need Love (remix)","USUM71903117;USUM71903144","15","2019-02-10","https://musicbrainz.org/recording/7af02def-5946-4ac9-9478-a3de97ee497e","feature_list_conflicts_with_joint_primary_source_billing;additional_recording_identities_require_review;master_list_requires_performing_credit_verification"
"67","5bef0935-9c38-4434-b0cf-027a9782d34a","Going Bad","Meek Mill","Meek Mill feat. Drake","Feature","Original","2019","approved","Going Bad","USAT21812710","9","2018-11-30","https://musicbrainz.org/recording/db552013-745d-457b-bc23-94369888d6d6","additional_recording_identities_require_review;verified_appearance_year_differs_from_supplied_inventory_year"
"68","9ff0cb5b-12d9-424f-b30a-ca835bdbab6a","No Guidance","Chris Brown","Chris Brown feat. Drake","Feature","Original","2019","needs_review","No Guidance","USRC11901583","6","2019-06-08","https://musicbrainz.org/recording/73fa99d7-300f-4779-9156-c683f7df82d1","feature_list_conflicts_with_joint_primary_source_billing;additional_recording_identities_require_review"
"69","c284ec6f-f002-47a0-9d25-762328bb3344","Gold Roses","Rick Ross","Rick Ross feat. Drake","Feature","Original","2019","approved","Gold Roses","USSM11904574","3","2019-07-26","https://musicbrainz.org/recording/e633a96a-4941-4772-81c1-611e084e66b7","additional_recording_identities_require_review"
"70","71a2dd27-b461-4711-a54e-ffb410b15a6d","Ela É do Tipo (Remix)","Kevin O Chris","Kevin O Chris feat. Drake","Feature","Alternate / Remix","2019","needs_review","Ela é do tipo (remix)","USWB11902983","1","2019-11-06","https://musicbrainz.org/recording/9ba76ea9-65cc-4183-b9c7-30ea61d9dc03","feature_list_conflicts_with_joint_primary_source_billing"
"71","842e337c-a2e8-4b3f-8a04-f456d6ffd104","Life Is Good","Future","Future feat. Drake","Feature","Original","2020","approved","Life Is Good","USSM11914962","5","2020-01-10","https://musicbrainz.org/recording/df9467b2-f33f-418b-8c0e-33e1da78f5b8","additional_recording_identities_require_review"
"72","444e412b-38e2-49e7-ae93-254be4bd0867","Oprah's Bank Account","Lil Yachty","Lil Yachty feat. Drake & DaBaby","Feature","Original","2020","approved","Oprah’s Bank Account","USUG11902884","7","2020-03-09","https://musicbrainz.org/recording/345b5b2c-6dad-4273-b953-fb76d9627857","additional_recording_identities_require_review"
"73","5f767711-3cda-4fa1-a557-46bfe6c6d80f","GREECE","DJ Khaled","DJ Khaled feat. Drake","Feature","Original","2020","approved","GREECE","USSM12004502","3","2020-07-16","https://musicbrainz.org/recording/9b06a2cb-6a73-4f2d-b31e-2ecac8b02cae",""
"74","b9f7e59e-8ae7-4f19-bc09-8ef65a21a54c","POPSTAR","DJ Khaled","DJ Khaled feat. Drake","Feature","Original","2020","approved","POPSTAR","USSM12004501","3","2020-07-17","https://musicbrainz.org/recording/45c82307-8cea-4803-a231-156cb5db8f7f",""
"75","44a1bb4b-e1f5-4133-ae8f-d51434b1bedb","Twist & Turn","Popcaan","Popcaan feat. Drake & PARTYNEXTDOOR","Feature","Original","2020","approved","TWIST & TURN","USWB12002918","2","2020-08-06","https://musicbrainz.org/recording/c245c943-c580-4ce3-96e4-861cfd709ef2",""
"76","89efe236-5638-4243-a317-1e4776354858","ALL I NEED","Popcaan","Popcaan feat. Drake","Feature","Original","2020","approved","ALL I NEED","USWB12002892","1","2020-08-07","https://musicbrainz.org/recording/3c691cab-3911-437e-8595-2ee694ef9f92",""
"77","d35bd3e1-e5a5-40cd-8387-db5a22e02ca3","Mr. Right Now","21 Savage & Metro Boomin","21 Savage & Metro Boomin feat. Drake","Feature","Original","2020","approved","Mr. Right Now","USSM12005343;USSM12005356","5","2020-10-02","https://musicbrainz.org/recording/7101a301-d0a2-4be5-ab4f-c19de97d853b",""
"78","b7c08e43-be61-47bf-83ef-81da8f6db505","Outta Time","Bryson Tiller","Bryson Tiller feat. Drake","Feature","Original","2020","approved","Outta Time","USRC12003234","3","2020-10-02","https://musicbrainz.org/recording/1391a27b-3175-46fd-9a50-dfe35e3de175",""
"79","1106d257-f889-409e-b445-76a4f0009aa9","BB King Freestyle","Lil Wayne","Lil Wayne feat. Drake","Feature","Original","2020","approved","B.B. King Freestyle","USUG12000438","1","2020-11-27","https://musicbrainz.org/recording/79a6ee71-55b0-4d60-a793-af2fde24835c","supplied_title_differs_from_source_title;additional_recording_identities_require_review"
"80","1b0d28f9-a7e7-4f3b-91e0-77346abafe1e","Talk to Me","Drakeo the Ruler","Drakeo the Ruler feat. Drake","Feature","Original","2021","approved","Talk to Me","QZDA42108258","1","2021-02-24","https://musicbrainz.org/recording/c7b1b3f0-6ddb-422c-be8c-fc90c8471060",""
"81","13c7404e-5902-410b-b0b9-599b792b703a","Over the Top","Smiley","Smiley feat. Drake","Feature","Original","2021","approved","Over the Top","USWB12102367","4","2021-07-23","https://musicbrainz.org/recording/6769ead0-b1a2-4573-aa07-1ffde349dd6f","additional_recording_identities_require_review"
"82","21a45684-42c3-444f-b417-f0811e954a25","Having Our Way","Migos","Migos feat. Drake","Feature","Original","2021","approved","Having Our Way","USUG12101672;USUG12101673","9","2021-06-11","https://musicbrainz.org/recording/20f84272-69d4-4c3f-bb4d-46279a6c684e",""
"83","a85361d2-69bb-49ca-9629-3fa171049079","Wasting Time","Brent Faiyaz","Brent Faiyaz feat. Drake","Feature","Original","2021","approved","Wasting Time","QM24S2103302;QM24S2203219","3","2021-07-01","https://musicbrainz.org/recording/98b4707d-2187-49b3-a286-610d403fcb8a",""
"84","b4bea14a-7879-4f1e-9d0a-93ae068ce4c8","Betrayal","Trippie Redd","Trippie Redd feat. Drake","Feature","Original","2021","approved","Betrayal","QZJ842001215","2","2021-08-21","https://musicbrainz.org/recording/02a264af-0b88-4d76-bc50-38c4db6fd013",""
"85","80fa38ab-ef3f-47c6-85c4-48edaae99f59","Bubbly","Young Thug","Young Thug feat. Drake & Travis Scott","Feature","Original","2021","needs_review","Bubbly","USAT22106845;USAT22106846","2","2021-10-14","https://musicbrainz.org/recording/9271a20b-e5f5-4aaa-875d-5d8cdb979696","feature_list_conflicts_with_joint_primary_source_billing"
"86","b756a2f8-ad95-4807-b51c-d5a7c6bc1d4b","Stars Align","Majid Jordan","Majid Jordan feat. Drake","Feature","Original","2021","needs_review","Stars Align","USWB12104261","3","2021-10-22","https://musicbrainz.org/recording/d50d37e2-f5cc-4d1b-9d41-166aa2af7b12","feature_list_conflicts_with_joint_primary_source_billing"
"87","35247a5a-30d1-4507-8001-121c62447649","P power","Gunna","Gunna feat. Drake","Feature","Original","2022","approved","P power","QMCE32200042","6","2022-01-07","https://musicbrainz.org/recording/f2d26e9e-6d7e-44c4-a6d7-a6f2ad72222b",""
"88","77de7ee3-2af4-4085-aabc-1f53fe2b761e","I'm on One","Future","Future feat. Drake","Feature","Original","2022","approved","I’M ON ONE","USSM12203797;USSM12203886","6","2022-04-27","https://musicbrainz.org/recording/3c91bfc8-a493-452b-86d9-a9420b9c2ed3","additional_recording_identities_require_review"
"89","02a01dcc-fa15-470b-8e36-929d304a6a3c","WAIT FOR U","Future","Future feat. Drake & Tems","Feature","Original","2022","approved","WAIT FOR U","USSM12203789","6","2022-04-27","https://musicbrainz.org/recording/1185dba0-4802-48a4-9441-e6259a3d84b0","additional_recording_identities_require_review"
"90","86f12330-d6ef-4780-b8e0-e05904c279e4","Churchill Downs","Jack Harlow","Jack Harlow feat. Drake","Feature","Original","2022","approved","Churchill Downs","USAT22203487;USAT22203500","9","2022-05-06","https://musicbrainz.org/recording/9973396c-6154-4e85-9016-bf5424aea466","additional_recording_identities_require_review"
"91","782dd6ca-ddc0-4783-846f-07c3b1479204","STAYING ALIVE","DJ Khaled","DJ Khaled feat. Drake & Lil Baby","Feature","Original","2022","approved","STAYING ALIVE","USSM12206682;USSM12206683","4","2022-01-01","https://musicbrainz.org/recording/1f626989-1f7c-428c-99ed-9d5954f30d2d","additional_recording_identities_require_review"
"92","2548193c-da6d-46a5-8fb7-1137e75b1384","Never Hating","Lil Baby","Lil Baby feat. Young Thug","REVIEW — verify Drake performance before import eligibility","Unspecified — requires review","2022","needs_review","Never Hating","USUG12207232","1","2022-10-14","https://musicbrainz.org/recording/a6dd2f0b-e7ad-4ff8-87c6-ecfb1bcd69d5","source_credit_does_not_establish_drake_performance;master_list_requires_performing_credit_verification"
"93","32890924-5730-4312-bc73-3861db44dacd","Oh U Went","Young Thug","Young Thug feat. Drake","Feature","Original","2023","approved","Oh U Went","USAT22306750;USAT22306783","8","2023-06-22","https://musicbrainz.org/recording/f69abb3d-d7bd-4ce4-bfd9-aa8708a88426",""
"94","0b40e8b9-c20f-4f00-b1ed-47ec60399d58","MELTDOWN","Travis Scott","Travis Scott feat. Drake","Feature","Original","2023","approved","MELTDOWN","USSM12305021;USSM12305874;USSM12305876","16","2023-07-28","https://musicbrainz.org/recording/03510dcb-0a80-4aac-ac11-baf75dddfd17",""
"95","ca1f2d02-72a7-4dcc-bf23-656f77a1cc2b","Act II: Date @ 8 (Remix)","4Batz","4Batz feat. Drake","Feature","Alternate / Remix","2024","approved","act ii: date @ 8 (remix)","USLD91756695;USLD91756702","2","2024-03-08","https://musicbrainz.org/recording/bb6047f2-d43a-474e-9dfe-a15fec06e4b8",""
"96","32dd9206-e782-4089-9b25-4cbbe82fd8df","Modo Capone","Chino Pacas","Chino Pacas feat. Drake","Feature","Original","2024","needs_review","Modo Capone","","1","2024-10-18","https://musicbrainz.org/recording/796dd771-4a2f-4678-a3a6-1db66840dbcc","feature_list_conflicts_with_joint_primary_source_billing;supplied_artist_credit_differs_from_source_credit"
