"internal_uuid","supplied_title","version","supplied_roles","supplied_credit","supplied_projects","source_title","source_artist_credits","duration_ms","earliest_matched_appearance_date","isrcs","matched_appearances","artwork_appearances","status"
"78a27dd2-f1f4-424d-8bcf-80be9cb6c1f8","0 to 100 / The Catch Up","original","Lead","Drake","OTHER STANDALONE LEAD / JOINT-PRIMARY RELEASES","0 to 100 / The Catch Up","Drake (primary)","275000","2014-07-15","USCM51400222","2","1","approved"
"518b5a65-9e71-4a79-963a-9ea0421917e1","10 Bands","original","Lead","Drake","IF YOU'RE READING THIS IT'S TOO LATE (2015)","10 Bands","Drake (primary)","177733","2015-02-12","USCM51500014; USCM51500015","8","0","approved"
"76ad6596-9d10-4ebf-b9ca-1baf7e02039f","2 Hard 4 The Radio","original","Lead","Drake","ICEMAN (2026)","2 Hard 4 the Radio","Drake (primary)","183500","2026-05-15","USUG12604788; USUG12604771","5","0","approved"
"fb751824-e40d-449f-b900-f90a654ee0ac","305 to My City","original","Lead","Drake feat. Detail","NOTHING WAS THE SAME (2013)","305 to My City","Drake (primary); Detail (featured)","255853","2013-01-01","USCM51300750; USCM51300751","19","0","approved"
"47740512-b148-4817-85a5-a535795275b8","30 for 30 Freestyle","original","Lead","Drake","WHAT A TIME TO BE ALIVE — WITH FUTURE (2015)","30 for 30 Freestyle","Drake (primary)","254003","2015-09-20","USCM51500313; USCM51500302","7","0","approved"
"6267da99-cfe5-4c2a-a783-4847f606c00d","3AM on Glenwood","original","Drake-project guest performance / Review","21 Savage","HER LOSS — WITH 21 SAVAGE (2022)","3AM on Glenwood","21 Savage (primary)","178000","2024-03-17","","1","1","needs_review"
"6e831e62-6838-4df1-831f-144567395137","4422","original","Review","Drake project track / Sampha performance","MORE LIFE (2017)","4422","Drake (primary); Sampha (featured)","186293","2017-03-18","USCM51700060","5","0","needs_review"
"913397a6-9be9-4835-bb8d-7ff09714f28b","4PM in Calabasas","original","Lead","Drake","CARE PACKAGE (2019)","4pm in Calabasas","Drake (primary)","240000","2016-06-04","USUG11902766; USUG11902749","7","0","approved"
"8a61fcff-b598-44b1-b8d4-286539116e15","5AM in Toronto","original","Lead","Drake","CARE PACKAGE (2019)","5 Am in Toronto","Drake (primary)","205219","2013-03-07","USUG11902767; USUG11902750","8","0","approved"
"be89c779-1fbd-4b75-9a3a-79a4e44ebfa9","6 God","original","Lead","Drake","IF YOU'RE READING THIS IT'S TOO LATE (2015)","6 God","Drake (primary)","180653","2014-10-25","USCM51500021; USCM51500022","9","0","approved"
"f2df147f-293a-45da-91b9-636fbc256a7d","6 Man","original","Lead","Drake","IF YOU'RE READING THIS IT'S TOO LATE (2015)","6 Man","Drake (primary)","167653","2015-02-12","USCM51500029; USCM51500030","8","0","approved"
"bc293c55-7287-498f-bf2d-63b147cfad78","6PM in New York","original","Lead","Drake","IF YOU'RE READING THIS IT'S TOO LATE (2015)","6PM in New York","Drake (primary)","283253","2015-02-12","USCM51500040; USCM51500039","8","0","approved"
"9a3052cc-25f0-4b91-b0c0-aaaf32b7035e","7969 Santa","original","Lead","Drake","FOR ALL THE DOGS + SCARY HOURS EDITION (2023)","7969 Santa","Drake (primary)","259846","2023-11-17","USUG12306073; USUG12306096","9","0","approved"
"e9379140-69f1-4797-9079-5e3c9b1dc52f","7AM on Bridle Path","original","Lead","Drake","CERTIFIED LOVER BOY (2021)","7am on Bridle Path","Drake (primary)","239635","2021-09-03","USUG12104410; USUG12104430","8","0","approved"
"3d39e9ca-2b3c-49d8-97c7-88b1eb6c2310","8AM in Charlotte","original","Lead","Drake","FOR ALL THE DOGS + SCARY HOURS EDITION (2023)","8am in Charlotte","Drake (primary)","266847","2023-11-17","USUG12306082; USUG12306105","9","0","approved"
"7d88221a-30a3-4b97-8aa1-eed3617a7885","8 Out of 10","original","Lead","Drake","SCORPION (2018)","8 Out of 10","Drake (primary)","195000","2018-06-29","USCM51800202; USCM51800204","11","0","approved"
"56f8b1ce-8417-4a6c-9a55-64520218cbcd","9","original","Lead","Drake","VIEWS (2016)","9","Drake (primary)","238760","2016-05-06","USCM51600097","3","0","approved"
"f39df696-e355-4feb-83ea-53a432ab60e7","9AM in Dallas","original","Lead","Drake","THANK ME LATER (2010)","9AM in Dallas","Drake (primary)","219000","2010-01-01","USCM51000382","4","0","approved"
"7aae1bed-fa52-4ec1-bde7-2c8f32192ac7","About Improvement","original","Lead","Drake","ROOM FOR IMPROVEMENT (2006)","","Drake (primary)","","","","0","0","needs_review"
"c026e970-a274-47af-90d7-ca639b2ccd90","After Dark","original","Lead","Drake feat. Static Major & Ty Dolla $ign","SCORPION (2018)","After Dark","Drake (primary); Static Major (featured); Ty Dolla $ign (featured)","289000","2018-06-29","USCM51800214; USCM51800213","11","0","approved"
"14da48eb-d653-419f-aaa2-28ef9e0964ad","A Keeper","original","Lead","Drake","HONESTLY, NEVERMIND (2022)","A Keeper","Drake (primary)","173000","2022-06-17","USUG12204884; USUG12204885","7","0","approved"
"39e3d5eb-03e0-4aa5-81da-d90b8b6c698d","All Me","original","Lead","Drake feat. 2 Chainz & Big Sean","NOTHING WAS THE SAME (2013)","All Me","Drake (primary); 2 Chainz (featured); Big Sean (featured)","270866","2013-01-01","USCM51400311; USCM51300758","8","0","approved"
"9b81a4d4-b871-42ea-aee0-138736113b52","All the Parties","original","Lead","Drake feat. Chief Keef","FOR ALL THE DOGS + SCARY HOURS EDITION (2023)","All the Parties","Drake (primary); Chief Keef (featured)","218611","2023-11-17","USUG12306081; USUG12306104","9","0","approved"
"090d6075-d257-49bf-8f3c-899703544aba","All This Love","original","Lead","Drake feat. Voyce","ROOM FOR IMPROVEMENT (2006)","All This Love","DJ Smallz (primary); Drake (primary); Voyce (featured)","200000","2006-02-14","","1","1","approved"
"15ea758a-d1df-4889-9ace-72aaf6469c39","AM 2 PM","original","Lead","Drake feat. Nickelus F","ROOM FOR IMPROVEMENT (2006)","A.M. 2 P.M.","DJ Smallz (primary); Drake (primary); Nickelus F (featured)","208000","2006-02-14","","1","1","approved"
"60580525-0a0d-471e-837c-319a931ff3fc","Amazing Shape","original","Lead / Collaboration","Drake & Popcaan","MAID OF HONOUR (2026)","Amazing Shape","Drake (primary); Popcaan (featured)","176000","2026-05-15","USUG12602476; USUG12602463","3","0","approved"
"6df38fcf-5692-451e-984d-4e03ad5a4d36","Amen","original","Lead","Drake feat. Teezo Touchdown","FOR ALL THE DOGS + SCARY HOURS EDITION (2023)","Amen","Drake (primary); Teezo Touchdown (featured)","141212","2023-11-17","USUG12306090; USUG12306067","9","0","approved"
"93376653-b196-4568-afa8-65373989c76d","A Night Off","original","Lead","Drake feat. Lloyd","SO FAR GONE (2009)","A Night Off","Drake (primary); Lloyd (featured)","193000","2009-02-13","USCM51900175; USCM51900157","10","1","approved"
"13bca919-def9-47fb-b733-e4bf7ce308db","Another Late Night","original","Lead","Drake feat. Lil Yachty","FOR ALL THE DOGS + SCARY HOURS EDITION (2023)","Another Late Night","Drake (primary); Lil Yachty (featured)","170414","2023-11-17","USUG12306086; USUG12306109","9","0","approved"
"15b1fdf1-dad1-4ba1-afbf-a0027e83ae73","A Scorpio's Mind","original","Lead","Drake feat. Nickelus F","ROOM FOR IMPROVEMENT (2006)","A Scorpio's Mind","DJ Smallz (primary); Drake (primary); Nickelus F (featured)","232000","2006-02-14","","1","1","approved"
"d9cf337f-f84c-4e69-a8a5-1a2644162a39","Asthma Team","original","Lead","Drake","COMEBACK SEASON (2007)","Asthma Team","Drake (primary)","119000","2007-01-01","","2","0","approved"
"cb5ca5c9-7c52-40c9-af89-9bd7e9ec1bf5","Away From Home","original","Lead","Drake","FOR ALL THE DOGS + SCARY HOURS EDITION (2023)","Away From Home","Drake (primary)","258592","2023-11-17","USUG12306087; USUG12306110","9","0","approved"
"5acc8cf4-889f-465b-a2cf-c4e3c041b5c5","BackOutsideBoyz","original","Lead","Drake","HER LOSS — WITH 21 SAVAGE (2022)","BackOutsideBoyz","Drake (primary)","152962","2023-03-17","USUG12208617; USUG12208601","8","1","approved"
"705046c2-8843-4e3c-ada6-ce4dd7ab553a","Back to Back","original","Lead","Drake","OTHER STANDALONE LEAD / JOINT-PRIMARY RELEASES","Back to Back","Drake (primary)","171000","2015-07-29","USCM51500241; USCM51500243","3","1","approved"
"4ebda06a-c485-4d8a-b244-f263f9482154","Bad Meaning Good","original","Lead","Drake feat. Slakah the Beatchld","ROOM FOR IMPROVEMENT (2006)","","Drake (primary); Slakah the Beatchld (featured)","","","","0","0","needs_review"
"26b21822-0b91-4ecc-8ad6-73177a874f02","Bahamas Promises","original","Lead","Drake","FOR ALL THE DOGS + SCARY HOURS EDITION (2023)","Bahamas Promises","Drake (primary)","184089","2023-11-17","USUG12306074; USUG12306097","9","0","approved"
"3e6442ae-5c48-415a-9dae-36a87e2bc8d7","Barry Bonds","original","Lead","Drake","COMEBACK SEASON (2007)","Barry Bonds Freestyle","Drake (primary)","202000","2007-01-01","","2","0","approved"
"b2a7598e-15a4-4f3d-84cf-bf88ee87e24b","BBL Love (Interlude)","original","Lead","Drake","FOR ALL THE DOGS + SCARY HOURS EDITION (2023)","BBL Love (interlude)","Drake (primary)","161363","2023-11-17","USUG12306106; USUG12306083","9","0","approved"
"cf53a897-2f53-4b37-9f93-06fab8cce300","BBW","original","Lead","Drake","MAID OF HONOUR (2026)","BBW","Drake (primary)","211000","2026-05-15","USUG12602477; USUG12602464","3","0","approved"
"cf58caf7-f436-48eb-a57b-7c27645ca648","BedRock","original","Group / Joint","Young Money feat. Lloyd","WE ARE YOUNG MONEY — DRAKE PERFORMANCES (2009)","BedRock","Lil Wayne (primary); Gudda Gudda (primary); Nicki Minaj (primary); Drake (primary); Tyga (primary); Jae Millz (primary); Lloyd (featured)","288000","2009-12-21","USCM50901178","4","2","approved"
"de349773-7bb5-40c7-b030-072ed6fb3b2e","Best I Ever Had","original","Lead","Drake","SO FAR GONE (2009)","Best I Ever Had","Drake (primary)","258000","2009-01-01","USCM51900161; USCM50900244; USCM50900243; FR0Z50036307; USCM51900178","34","13","approved"
"a3fcc987-5200-483c-8458-420993915670","Big Rings","original","Joint-Primary","Drake & Future","WHAT A TIME TO BE ALIVE — WITH FUTURE (2015)","Big Rings","Drake (primary); Future (primary)","217756","2015-09-20","USCM51500293; USCM51500304","7","0","approved"
"e36e88a2-0cce-48d7-b375-991415bf2d85","Bitch Is Crazy","original","Lead","Drake","COMEBACK SEASON (2007)","Bitch Is Crazy","Drake (primary)","165000","2007-01-01","","2","0","approved"
"cb82a065-8cf1-473b-8730-9cfcc9b6b33b","Blem","original","Lead","Drake","MORE LIFE (2017)","Blem","Drake (primary)","216557","2017-03-18","USCM51700057","5","0","approved"
"0d04c7b8-ca0b-4020-a362-2b1ffcd421b7","Blue Green Red","original","Lead","Drake","2024 LEAD / PRIMARY RELEASES","Blue Green Red","Drake (primary)","217846","","","3","0","approved"
"fa236cf9-b372-4667-8ca9-54090b591a3c","Blue Tint","original","Lead","Drake","SCORPION (2018)","Blue Tint","Drake (primary)","162000","2018-06-29","USCM51800201; USCM51800203","11","0","approved"
"29ad1965-5b9f-4841-8400-f2d2f1ea0b0e","Brand New","original","Lead","Drake","SO FAR GONE (2009)","Brand New","Drake (primary)","213492","2009-02-13","USCM51900185; USCM51900153","10","1","approved"
"258c4aa4-549a-4b00-b22f-68b1001e5b8a","BRIAN STEEL","original","Lead","Drake","$OME $EXY $ONGS 4 U — WITH PARTYNEXTDOOR (2025)","BRIAN STEEL","Drake (primary)","111406","2025-01-01","USLD91772048; USLD91772027","3","0","approved"
"93b19112-83ba-4f89-be6d-265230cb28c2","Broke Boys","original","Joint-Primary","Drake & 21 Savage","HER LOSS — WITH 21 SAVAGE (2022)","Broke Boys","Drake (primary); 21 Savage (primary)","225000","2023-03-17","USUG12208624; USUG12208608","8","1","approved"
"9727dec4-fb58-4312-aafc-3857e54ad190","B's On The Table","original","Lead / Collaboration","Drake & 21 Savage","ICEMAN (2026)","B's on the Table","Drake (primary); 21 Savage (featured)","137647","2026-05-15","USUG12604786; USUG12604769","5","0","approved"
"c220ba06-8885-456c-a85a-7c0f84af26b5","Buried Alive Interlude","original","Review","Drake album track / Kendrick Lamar performance","TAKE CARE (2011)","Buried Alive Interlude","Drake (primary); Kendrick Lamar (featured)","150959","2011-11-15","USCM51100553; USCM51100548","7","0","needs_review"
"4b1e1364-c2b0-4ea0-a0b2-f12baffda811","Burning Bridges","original","Lead","Drake","ICEMAN (2026)","Burning Bridges","Drake (primary)","225990","2026-05-15","USUG12604767; USUG12604784","5","0","approved"
"7a47293e-6684-46f2-8b9e-b28d4c6fccb0","Calling For You","original","Lead","Drake feat. 21 Savage","FOR ALL THE DOGS + SCARY HOURS EDITION (2023)","Calling for You","Drake (primary); 21 Savage (featured)","284995","2023-11-17","USUG12306068; USUG12306091","9","0","approved"
"de67b378-2df8-4080-b14e-7b895a680cae","Calling My Name","original","Lead","Drake","HONESTLY, NEVERMIND (2022)","Calling My Name","Drake (primary)","129964","2022-06-17","USUG12204887; USUG12204886","7","0","approved"
"a908b3cd-336d-481c-af2f-2bbf9bb0e574","Cameras / Good Ones Go Interlude","original","Lead","Drake","TAKE CARE (2011)","Cameras / Good Ones Go Interlude","Drake (primary)","434866","2011-11-14","USCM51100581; USCM51100580","11","0","approved"
"9c004e1e-97d1-4dae-97bf-92f72a5927bd","Can I","original","Lead","Drake","CARE PACKAGE (2019)","Can I","Drake (primary)","189289","2019-08-02","USUG11902776; USUG11902759","6","0","approved"
"cf07a530-7fda-49f2-a61c-60ea2f6c12e3","Can't Have Everything","original","Lead","Drake","MORE LIFE (2017)","Can’t Have Everything","Drake (primary)","228437","2017-03-18","USCM51700081; USCM51700080","5","0","approved"
"356ab0f8-fc7d-4a87-8cce-1b6012d5b4f7","Can't Take a Joke","original","Lead","Drake","SCORPION (2018)","Can’t Take a Joke","Drake (primary)","163000","2018-06-29","USCM51800216; USCM51800215","11","0","approved"
"eab58824-e7b1-4b43-ab87-81f4f43aea3d","Cece's Interlude","original","Lead","Drake","THANK ME LATER (2010)","Cece’s Interlude","Drake (primary)","154120","2010-01-01","USCM51000259","10","0","approved"
"fb1495c1-2472-4f17-bca0-8e47a0cd0862","CELIBACY","original","Joint-Primary","PARTYNEXTDOOR & Drake","$OME $EXY $ONGS 4 U — WITH PARTYNEXTDOOR (2025)","CELIBACY","PARTYNEXTDOOR (primary); Drake (primary)","235620","2025-01-01","USLD91772035; USLD91772056","3","0","approved"
"6c20734c-c360-4fc8-a002-f89f60e9f2ab","Champagne Poetry","original","Lead","Drake","CERTIFIED LOVER BOY (2021)","Champagne Poetry","Drake (primary)","336511","2021-09-03","USUG12104417; USUG12104397","8","0","approved"
"1a5e76cc-08b8-48b4-be1a-ff0d7c0022a2","Change Locations","original","Joint-Primary","Drake & Future","WHAT A TIME TO BE ALIVE — WITH FUTURE (2015)","Change Locations","Drake (primary); Future (primary)","220914","2015-09-20","USCM51500310; USCM51500299","7","0","approved"
"dff8055b-3f09-4514-81b1-6c6fd0252c16","Charged Up","original","Lead","Drake","OTHER STANDALONE LEAD / JOINT-PRIMARY RELEASES","Charged Up","Drake (primary)","189000","2015-07-30","","1","0","approved"
"4af7b9aa-3aee-4c41-bf4e-feaa671cb999","Cheetah Print","original","Lead / Collaboration","Drake & Sexyy Red","MAID OF HONOUR (2026)","Cheetah Print","Drake (primary); Sexyy Red (featured)","202000","2026-05-15","USUG12602475; USUG12602462","3","0","approved"
"c07ca5e4-6544-4790-843b-8aa64fd864a3","Chicago Freestyle","original","Lead","Drake feat. Giveon","DARK LANE DEMO TAPES (2020)","Chicago Freestyle","Drake (primary); GIVĒON (primary)","220488","2020-05-01","USUG12001407; USUG12001408","8","0","approved"
"bd23a8a8-122c-4984-ab0e-b0f64c50cecd","Childs Play","original","Lead","Drake","VIEWS (2016)","Childs Play","Drake (primary)","241000","2016-04-29","USCM51600085; USCM51600084","9","0","approved"
"1db359bf-972d-4d3e-ac4e-e1997d3247c1","Circadian Rhythm","original","Lead","Drake","2024 LEAD / PRIMARY RELEASES","Circadian Rhythm","Drake (primary)","126000","","USUG12405324","2","0","approved"
"eb441173-97ec-4f64-8bc0-7090b7d7b3af","Circo Loco","original","Joint-Primary","Drake & 21 Savage","HER LOSS — WITH 21 SAVAGE (2022)","Circo Loco","Drake (primary); 21 Savage (primary)","236795","2023-03-17","USUG12208622; USUG12208606","8","1","approved"
"348475e9-6ed2-4569-8d58-dca4bb6a47af","City Is Mine","original","Lead","Drake","ROOM FOR IMPROVEMENT (2006)","City Is Mine","DJ Smallz (primary); Drake (primary)","233000","2006-02-14","","1","1","approved"
"8cb0b702-b7f4-497c-9114-74208546bde2","Classic","original","Lead","Drake","HABIBTI (2026)","Classic","Drake (primary)","179000","2026-05-15","USUG12602453; USUG12602441","3","0","approved"
"a72e04a0-d186-4f84-9a10-0c8fbe45177a","Closer","original","Lead","Drake feat. Andreena Mill","COMEBACK SEASON (2007)","Closer","Drake (primary); Andreena Mill (featured)","311000","2007-01-01","","2","0","approved"
"d845e43d-7083-4382-8da6-0155d9d5ba24","Club Paradise","original","Lead","Drake","CARE PACKAGE (2019)","Club Paradise","Drake (primary)","283816","2019-08-02","USUG11902754; USUG11902771","7","0","approved"
"e62a12e2-10ca-4a8f-bfd5-f258f4816fe6","CN TOWER","original","Joint-Primary","PARTYNEXTDOOR & Drake","$OME $EXY $ONGS 4 U — WITH PARTYNEXTDOOR (2025)","CN TOWER","PARTYNEXTDOOR (primary); Drake (primary)","241889","2025-01-01","USLD91772040; USLD91772019","3","0","approved"
"d98ce658-9f64-4021-a4b5-b1c52f775960","Comeback Season","original","Lead","Drake","COMEBACK SEASON (2007)","Comeback Season","Drake (primary)","166000","2007-01-01","","2","0","approved"
"756304f7-8a22-4bf6-9d24-5219e05e7154","Come Thru","original","Lead","Drake","NOTHING WAS THE SAME (2013)","Come Thru","Drake (primary)","236360","2013-01-01","USCM51300757; USCM51300756","12","0","approved"
"13d1ac3a-099c-4629-a53d-7f6244061bab","Come Winter","original","Lead","Drake","ROOM FOR IMPROVEMENT (2006)","Come Winter","DJ Smallz (primary); Drake (primary)","327000","2006-02-14","","1","1","approved"
"979b7128-98a9-469e-926c-1a5e169fe373","Company","original","Lead","Drake feat. Travis Scott","IF YOU'RE READING THIS IT'S TOO LATE (2015)","Company","Drake (primary); Travis Scott (featured)","252640","2015-02-12","USCM51500034; USCM51500033","9","1","approved"
"0226ae1b-ef48-4100-aca1-c11866be0a4a","Congratulations","original","Lead","Drake","SO FAR GONE (2009)","Congratulations","Drake (primary)","332530","2009-02-14","USCM51900186; USCM51900154","9","1","approved"
"99389229-f27f-47d8-9d31-748ed1fedaab","Connect","original","Lead","Drake","NOTHING WAS THE SAME (2013)","Connect","Drake (primary)","296403","2013-01-01","USCM51300747; USCM51300746","19","0","approved"
"b9611ce6-3f59-4b40-befb-61215ee775e9","Controlla","original","Lead","Drake","VIEWS (2016)","Controlla","Drake (primary)","245213","2016-04-29","USCM51600081; USCM51600080","10","0","approved"
"e554ae20-6750-498c-b405-472d5a08e137","Crew Love","original","Lead","Drake feat. The Weeknd","TAKE CARE (2011)","Crew Love","Drake (primary); The Weeknd (featured)","208866","2011-11-14","USCM51100551; USCM51100546","17","4","approved"
"0a940010-c131-494e-b13c-35239a96c352","CRYING IN CHANEL","original","Lead","Drake","$OME $EXY $ONGS 4 U — WITH PARTYNEXTDOOR (2025)","CRYING IN CHANEL","Drake (primary)","199602","2025-01-01","USLD91772022; USLD91772043","3","0","approved"
"48bdda40-5059-4eee-af99-051b46487755","Currents","original","Lead","Drake","HONESTLY, NEVERMIND (2022)","Currents","Drake (primary)","157390","2022-06-17","USUG12204883","7","0","approved"
"1a98afbd-e7cc-482c-bc00-0a1d7d0421df","D4L","original","Lead","Drake feat. Future & Young Thug","DARK LANE DEMO TAPES (2020)","D4L","Future (primary); Drake (primary); Young Thug (primary)","189176","2020-05-01","USSM12002338","4","0","approved"
"6d6ec1be-71f9-44cd-baf9-c7057fdd94e9","Daylight","original","Lead","Drake","FOR ALL THE DOGS + SCARY HOURS EDITION (2023)","Daylight","Drake (primary)","164142","2023-11-17","USUG12306070; USUG12306093","9","0","approved"
"5e3d27f7-222e-4bd3-9a7a-1f57e6a399f5","Days in the East","original","Lead","Drake","CARE PACKAGE (2019)","Days in the East","Drake (primary)","353000","2014-04-03","USUG11902747; USUG11902764","7","0","approved"
"ec9e4276-6898-4580-b918-473fc252e0f0","Deep Pockets","original","Lead","Drake","DARK LANE DEMO TAPES (2020)","Deep Pockets","Drake (primary)","222928","2020-05-01","USUG12001724; USUG12001723","8","0","approved"
"82d2e3a9-f336-4aa3-be21-4c020df6b237","Demons","original","Lead","Drake feat. Fivio Foreign & Sosa Geek","DARK LANE DEMO TAPES (2020)","Demons","Drake (primary); Fivio Foreign (featured); Sosa Geek (featured)","204805","2020-05-01","USUG12001740; USUG12001741","8","0","approved"
"d630bbbe-1c58-418d-ad74-47d625f51c3d","Desires","original","Lead","Drake feat. Future","DARK LANE DEMO TAPES (2020)","Desires","Drake (primary); Future (featured)","237945","2020-05-01","USUG12001743; USUG12001744; USUG12001727; USUG12001410","8","0","approved"
"584efbd3-8fcf-4280-8892-386c51b98bad","Diamonds Dancing","original","Joint-Primary","Drake & Future","WHAT A TIME TO BE ALIVE — WITH FUTURE (2015)","Diamonds Dancing","Drake (primary); Future (primary)","314700","2015-09-20","USCM51500306; USCM51500294","7","0","approved"
"6b3f67ef-29ab-4f57-b90b-09ad7506d67e","DIE TRYING","original","Joint-Primary","PARTYNEXTDOOR, Drake & Yebba","$OME $EXY $ONGS 4 U — WITH PARTYNEXTDOOR (2025)","DIE TRYING","PARTYNEXTDOOR (primary); Drake (primary); Yebba (primary)","195431","2025-01-01","USLD91772054; USLD91772033","3","0","approved"
"aa367037-242c-417a-8206-a5bc5da439df","Digital Dash","original","Joint-Primary","Drake & Future","WHAT A TIME TO BE ALIVE — WITH FUTURE (2015)","Digital Dash","Drake (primary); Future (primary)","231293","2015-09-20","USCM51500292; USCM51500303","7","0","approved"
"2019168d-fe73-4687-9980-372b3a93fc06","Diplomatic Immunity","original","Lead","Drake","OTHER STANDALONE LEAD / JOINT-PRIMARY RELEASES","Diplomatic Immunity","Drake (primary)","255828","2018-01-19","USCM51800006","1","0","approved"
"7f325f9d-a482-423a-9065-493a324e0815","Doing It Wrong","original","Lead","Drake","TAKE CARE (2011)","Doing It Wrong","Drake (primary); Stevie Wonder (featured)","265120","2011-11-14","USCM51100565; USCM51100564","11","0","approved"
"0d38acdb-2f18-401d-8d56-5e535e256cb2","Do Not Disturb","original","Lead","Drake","MORE LIFE (2017)","Do Not Disturb","Drake (primary)","283550","2017-03-18","USCM51700049; USCM51700050","5","0","approved"
"1f82f90a-827f-4f11-a498-0af1186e70cf","Don't Matter to Me","original","Lead / Collaboration","Drake & Michael Jackson","SCORPION (2018)","Don’t Matter to Me","Drake (primary); Michael Jackson (featured)","245787","2018-06-29","USCM51800208","11","0","approved"
"200d37ab-2bb7-4f9d-b31a-59005bc39e63","Don't U Have a Man","original","Lead","Drake feat. Dwele","COMEBACK SEASON (2007)","Don't You Have a Man","Drake (primary); Little Brother (featured); Dwele (featured)","236000","2007-01-01","","2","0","approved"
"6a03f567-6d11-4f57-8b50-2b1ed01cd1c9","Don't Worry","original","Lead","Drake","ICEMAN (2026)","Don't Worry","Drake (primary)","246417","2026-05-15","USUG12604791; USUG12604775","5","0","approved"
"395fb953-3aa0-4665-9580-fe3da60449f1","Do What U Do","original","Lead","Drake","ROOM FOR IMPROVEMENT (2006)","Do What You Do","DJ Smallz (primary); Drake (primary)","228000","2006-02-14","","1","1","approved"
"6bb1625c-e6d4-40c2-a8ec-e45a2a6372ec","Do What U Do","remix:remix","Lead","Drake feat. Malice","COMEBACK SEASON (2007)","","Drake (primary); Malice (featured)","","","","0","0","needs_review"
"2cd8083a-01d6-46a0-af32-3b9e54465e1a","Down Hill","original","Lead","Drake","HONESTLY, NEVERMIND (2022)","Down Hill","Drake (primary)","250864","2022-06-17","USUG12204893","7","0","approved"
"96acfe14-92d9-4acb-9e4c-d469f4e11bd3","Draft Day","original","Lead","Drake","CARE PACKAGE (2019)","Draft Day","Drake (primary)","266325","2019-08-02","USUG11902748; USUG11902765","6","0","approved"
"f75b3c98-f323-4b8d-ae32-20531d117f8c","Dreams Money Can Buy","original","Lead","Drake","CARE PACKAGE (2019)","Dreams Money Can Buy","Drake (primary)","253803","2019-08-02","USUG11902760; USUG11902743","6","0","approved"
"5e7e5242-6421-44f8-8bd3-a4787be4886f","Drew a Picasso","original","Lead","Drake","FOR ALL THE DOGS + SCARY HOURS EDITION (2023)","Drew a Picasso","Drake (primary)","262768","2023-11-17","USUG12306078; USUG12306101","9","0","approved"
"c37ace5a-7bdc-43b3-80fa-19c9f4e2a296","Duppy Freestyle","original","Lead","Drake","OTHER STANDALONE LEAD / JOINT-PRIMARY RELEASES","Duppy Freestyle","Drake (primary)","185000","2018-05-24","","1","0","approved"
"bfd16df4-4e8c-426d-a7e5-7b51a4c6b59e","Dust","original","Lead","Drake","ICEMAN (2026)","Dust","Drake (primary)","189217","2026-05-15","USUG12602488; USUG12604778","5","0","approved"
"a964448d-ec57-4938-8425-82fdb5b4f86a","Easy to Please","original","Lead","Drake feat. Richie Sena","COMEBACK SEASON (2007)","Easy to Please","Drake (primary); Richie Sosa (featured)","129000","2007-01-01","","2","0","approved"
"930f0ea4-de24-4b7a-81fb-f7865b94f006","Elevate","original","Lead","Drake","SCORPION (2018)","Elevate","Drake (primary)","184000","2018-06-29","USCM51800197; USCM51800196","11","0","approved"
"63d7060e-3deb-498d-8ee3-d599b23e12fb","Emotionless","original","Lead","Drake","SCORPION (2018)","Emotionless","Drake (primary)","302000","2018-06-29","USCM51800199; USCM51800200","11","0","approved"
"78f18bf4-bc5d-4c01-a516-3027407f6b60","Energy","original","Lead","Drake","IF YOU'RE READING THIS IT'S TOO LATE (2015)","Energy","Drake (primary)","181626","2015-01-26","USCM51500012; USCM51500013; FR0Z50024531","12","2","approved"
"97557118-0158-4da0-a46e-17ea71a7580a","Every Girl","original","Group / Joint","Young Money","WE ARE YOUNG MONEY — DRAKE PERFORMANCES (2009)","Every Girl","Lil Wayne (primary); Drake (primary); Jae Millz (primary); Gudda Gudda (primary); Mack Maine (primary)","313000","2009-12-21","USCM50901240","2","2","approved"
"5f64f418-db14-404f-9d31-6f9c1cce0286","Evil Ways","original","Lead","Drake feat. J. Cole","FOR ALL THE DOGS + SCARY HOURS EDITION (2023)","Evil Ways","Drake (primary); J. Cole (featured)","227000","2023-11-17","USUG12306121; USUG12306120","3","0","approved"
"79f9d597-4791-4ff6-a1ea-4f19122c4ecb","Extra Special","original","Lead","Drake","ROOM FOR IMPROVEMENT (2006)","Extra Special","DJ Smallz (primary); Drake (primary)","178000","2006-02-14","","1","1","approved"
"ff7ea6a2-bc37-409b-87f7-23bef4461fcf","Extra Special","remix:remix","Lead","Drake","ROOM FOR IMPROVEMENT (2006)","","Drake (primary)","","","","0","0","needs_review"
"660fcf29-223b-42f7-96bd-456df4fd8dcd","Fading","original","Lead","Drake feat. Nickelus F","COMEBACK SEASON (2007)","","Drake (primary); Nickelus F (featured)","","","","0","0","needs_review"
"b23bc359-fd12-4fe9-9ca5-6ec27e4e7e34","Fair Trade","original","Lead","Drake feat. Travis Scott","CERTIFIED LOVER BOY (2021)","Fair Trade","Drake (primary); Travis Scott (featured)","291175","2021-09-03","USUG12104402; USUG12104422","8","0","approved"
"5f399add-3afb-4237-90ff-502f6508986f","Faithful","original","Lead","Drake feat. Pimp C & dvsn","VIEWS (2016)","Faithful","Drake (primary); Pimp C (featured); dvsn (featured)","284013","2016-04-29","USCM51600076","6","0","approved"
"da61afe8-711f-4972-b227-516798c7b5e9","Fake Love","original","Lead","Drake","MORE LIFE (2017)","Fake Love","Drake (primary)","210937","2017-03-18","USCM51700084; USCM51700083","5","0","approved"
"5752b72c-8fc5-4a74-aa50-26a3d71c39b9","Falling Back","original","Lead","Drake","HONESTLY, NEVERMIND (2022)","Falling Back","Drake (primary)","266178","2022-06-17","USUG12204881","7","0","approved"
"775ff58a-4623-4e5e-a9c4-35e39b9d3695","Family Matters","original","Lead","Drake","2024 LEAD / PRIMARY RELEASES","Family Matters","Drake (primary)","456934","","USUG12402984","2","0","approved"
"ae39acf0-7302-4b65-935b-539139971cd3","Fancy","original","Lead","Drake feat. T.I. & Swizz Beatz","THANK ME LATER (2010)","Fancy","Drake (primary); T.I. (featured); Swizz Beatz (featured)","319000","2010-01-01","USCM51000256; USCM51000267","12","0","approved"
"cadf64e0-8661-4852-8b33-6390a63a6cef","Fear","original","Lead","Drake","SO FAR GONE (2009)","Fear","Drake (primary)","280626","2009-09-15","USCM50900324","4","0","approved"
"97a993c7-3d20-4ace-9047-fa04220ec8ae","Fear of Heights","original","Lead","Drake","FOR ALL THE DOGS + SCARY HOURS EDITION (2023)","Fear of Heights","Drake (primary)","155154","2023-11-17","USUG12306092; USUG12306069","9","0","approved"
"c6edcd27-9ad2-493d-8cd6-7062d90dcad1","Feel No Ways","original","Lead","Drake","VIEWS (2016)","Feel No Ways","Drake (primary)","240333","2016-04-29","USCM51600068; USCM51600067","9","0","approved"
"2a4c690e-6366-4352-a521-033a91c9a8c0","Finale","original","Group / Joint","Young Money","WE ARE YOUNG MONEY — DRAKE PERFORMANCES (2009)","Finale","Young Money (primary)","322000","2009-12-21","","2","2","approved"
"1604415b-b430-4162-b942-27644f4d6ccb","Final Fantasy","original","Lead","Drake","SCORPION (2018)","Final Fantasy","Drake (primary)","219000","2018-06-29","USCM51800217; USCM51800221","11","0","approved"
"c3986701-714e-4eb5-80f1-ef45ff080789","Find Your Love","original","Lead","Drake","THANK ME LATER (2010)","Find Your Love","Drake (primary)","208946","2010-01-01","USCM51000166","12","2","approved"
"f891d189-7ec8-481e-95b9-22b314088e8b","Finesse","original","Lead","Drake","SCORPION (2018)","Finesse","Drake (primary)","182080","2018-06-29","USCM51800225","11","0","approved"
"bc7c6d53-0c98-462d-b6f8-2868926bb278","Fire & Desire","original","Lead","Drake","VIEWS (2016)","Fire & Desire","Drake (primary)","238120","2016-04-29","USCM51600092; USCM51600093","9","0","approved"
"97106a44-65ec-4daa-bac6-d7ea81123948","Fireworks","original","Lead","Drake feat. Alicia Keys","THANK ME LATER (2010)","Fireworks","Drake (primary); Alicia Keys (featured)","313267","2010-01-01","USCM51000263; USCM51000251","10","0","approved"
"6ff66152-7b39-4b76-9802-8436acf215f6","Firm Friends","original","Lead","Drake","ICEMAN (2026)","Firm Friends","Drake (primary)","302391","2026-05-15","USUG12604776; USUG12604792","5","0","approved"
"00c31a3a-31f3-46ff-a178-b681787537bf","First Person Shooter","original","Lead","Drake feat. J. Cole","FOR ALL THE DOGS + SCARY HOURS EDITION (2023)","First Person Shooter","Drake (primary); J. Cole (featured)","247444","2023-11-17","USUG12306071; USUG12306094","9","0","approved"
"67bf2fd0-6d52-417d-b556-ebb61d4bb36e","Flight's Booked","original","Lead","Drake","HONESTLY, NEVERMIND (2022)","Flight’s Booked","Drake (primary)","254407","2022-06-17","USUG12204891","7","0","approved"
"2c87ba43-33ef-4403-84cc-e41b19ef0d8b","Forever","original","Joint-Primary","Drake, Kanye West, Lil Wayne & Eminem","OTHER STANDALONE LEAD / JOINT-PRIMARY RELEASES","Forever","Drake (primary); Ye (primary); Lil Wayne (primary); Eminem (primary)","357706","2009-01-01","USUM70920707; USUM70985104","9","6","approved"
"2ae0f6ac-2452-452a-8930-ee1e0c6ba295","Fortworth","original","Lead / Collaboration","Drake & PARTYNEXTDOOR","HABIBTI (2026)","Fortworth","Drake (primary); PARTYNEXTDOOR (featured)","231000","2026-05-15","USUG12602444; USUG12602456","3","0","approved"
"d9015699-e722-4d42-9996-71dae191da16","Fountains","original","Lead","Drake feat. Tems","CERTIFIED LOVER BOY (2021)","Fountains","Drake (primary); Tems (featured)","192417","2021-09-03","USUG12104412; USUG12104432","8","0","approved"
"538c9165-cbd7-4445-ae51-2e82f07c756c","Free Smoke","original","Lead","Drake","MORE LIFE (2017)","Free Smoke","Drake (primary)","218673","2017-03-18","USCM51700056; USCM51700059","5","0","approved"
"5225e924-b52e-4b08-870a-4e7a75ff1ac9","Free Spirit","original","Lead","Drake feat. Rick Ross","CARE PACKAGE (2019)","Free Spirit","Drake (primary); Rick Ross (featured)","252884","2019-08-02","USUG11902755; USUG11902772","6","0","approved"
"92ffd914-6f40-41ea-9d1b-55b46e4db66d","From Florida With Love","original","Lead","Drake","DARK LANE DEMO TAPES (2020)","From Florida With Love","Drake (primary)","234782","2020-05-01","USUG12001738; USUG12001739","8","0","approved"
"a34a5b1f-ee2b-4a9a-a144-983c623b4d7d","From Time","original","Lead","Drake feat. Jhené Aiko","NOTHING WAS THE SAME (2013)","From Time","Drake (primary); Jhené Aiko (featured)","322154","2013-01-01","USCM51300745; USCM51300744","21","2","approved"
"8d2b6871-0fa8-484c-a2a2-12af8ed0ec5d","Fuck da Bullshit","original","Group / Joint","Young Money feat. Birdman","WE ARE YOUNG MONEY — DRAKE PERFORMANCES (2009)","Fuck da Bullshit","Nicki Minaj (primary); Gudda Gudda (primary); Lil Wayne (primary); Drake (primary); Birdman (featured)","187000","2009-12-21","USCM50901234","2","2","approved"
"0caa79ab-b157-49bd-915d-7bd757238c34","Fucking Fans","original","Lead","Drake","CERTIFIED LOVER BOY (2021)","Fucking Fans","Drake (primary)","245131","2021-09-03","USUG12104414; USUG12104434","8","0","approved"
"e30175f9-a7dd-4396-b1b0-945821b44181","Gen 5","original","Lead","Drake","HABIBTI (2026)","Gen 5","Drake (primary)","217000","2026-05-15","USUG12602454; USUG12602442","3","0","approved"
"f517db65-9d0f-498c-a41f-70886c8cc29e","Gently","original","Lead","Drake feat. Bad Bunny","FOR ALL THE DOGS + SCARY HOURS EDITION (2023)","Gently","Drake (primary); Bad Bunny (featured)","133694","2023-11-17","USUG12306107; USUG12306084","9","0","approved"
"cb1679b0-82f8-46c9-9e4d-a5c92d74ecc2","Get Along Better","original","Lead","Drake feat. Ty Dolla $ign","CERTIFIED LOVER BOY (2021)","Get Along Better","Drake (primary); Ty Dolla $ign (featured)","229303","2021-09-03","USUG12104433; USUG12104413","8","0","approved"
"b6e1cfdd-f562-44a9-a8e9-d495e588c46c","Get It Together","original","Lead","Drake feat. Black Coffee & Jorja Smith","MORE LIFE (2017)","Get It Together","Drake (primary); Black Coffee (featured); Jorja Smith (featured)","250337","2017-03-18","USCM51700047; USCM51700045","5","0","approved"
"0de6b25e-c35c-4363-bd14-6f5b6a1e6e1d","GIMME A HUG","original","Lead","Drake","$OME $EXY $ONGS 4 U — WITH PARTYNEXTDOOR (2025)","GIMME A HUG","Drake (primary)","193054","2025-01-01","USLD91772049; USLD91772028","3","0","approved"
"a85787cd-d94c-4234-8d05-ef577f04aa92","Girls Love Beyoncé","original","Lead","Drake feat. James Fauntleroy","CARE PACKAGE (2019)","Girls Love Beyoncé","Drake (primary); James Fauntleroy (featured)","225011","2013-04-16","USUG11902774; USUG11902757","7","0","approved"
"d0f0752d-9469-44a0-a6a4-792b841fc0f7","Girls Want Girls","original","Lead","Drake feat. Lil Baby","CERTIFIED LOVER BOY (2021)","Girls Want Girls","Drake (primary); Lil Baby (featured)","221979","2021-09-03","USUG12104419; USUG12104399","9","0","approved"
"cc874f58-6da7-4e78-a8e9-36e813fc04e0","Give Ya","original","Lead","Drake feat. Trey Songz","COMEBACK SEASON (2007)","Give Ya","Drake (primary); Trey Songz (featured)","204000","2007-01-01","","2","0","approved"
"ed1379d2-e6ee-4421-aded-ab02c9309ac0","GLORIOUS","original","Joint-Primary","PARTYNEXTDOOR & Drake","$OME $EXY $ONGS 4 U — WITH PARTYNEXTDOOR (2025)","GLORIOUS","PARTYNEXTDOOR (primary); Drake (primary)","205082","2025-01-01","USLD91772037; USLD91772058","3","0","approved"
"aeef3c25-82f3-4bf5-a789-ed46acfca267","Glow","original","Lead","Drake feat. Kanye West","MORE LIFE (2017)","Glow","Drake (primary); Ye (featured)","206119","2017-03-18","USCM51700062; USCM51700069","5","0","approved"
"6d954d50-72a1-4a96-8617-7754cf53ab36","God's Plan","original","Lead","Drake","SCORPION (2018)","God’s Plan","Drake (primary)","198000","2018-01-19","USCM51800004; USCM51800005","12","0","approved"
"79459840-4513-4f2a-9d7c-919e6ee7f508","Going in for Life","original","Lead","Drake","COMEBACK SEASON (2007)","Going in for Life","Drake (primary)","149000","2007-01-01","","2","0","approved"
"f5c96199-7e14-4500-ad89-c4544a7071aa","Goose and The Juice","original","Lead","Drake","MAID OF HONOUR (2026)","Goose and the Juice","Drake (primary)","263000","2026-05-15","USUG12602483; USUG12602470","3","0","approved"
"c2aafa24-e588-40e4-805d-24468545787e","Grammys","original","Lead","Drake feat. Future","VIEWS (2016)","Grammys","Drake (primary); Future (featured)","220426","2016-04-29","USCM51600082; USCM51600083","9","0","approved"
"a6b3df21-4b4e-4df8-9fd8-da236024bfea","GREEDY","original","Joint-Primary","PARTYNEXTDOOR & Drake","$OME $EXY $ONGS 4 U — WITH PARTYNEXTDOOR (2025)","GREEDY","PARTYNEXTDOOR (primary); Drake (primary)","386165","2025-01-01","USLD91772039; USLD91772060","3","0","approved"
"016507d7-78b4-4c57-8180-148fde749218","Gyalchester","original","Lead","Drake","MORE LIFE (2017)","Gyalchester","Drake (primary)","189229","2017-03-18","USCM51700046; USCM51700052","5","0","approved"
"8bc7f54b-a905-4e1d-9461-dba48f833240","Hate Sleeping Alone","original","Lead","Drake","TAKE CARE (2011)","Hate Sleeping Alone","Drake (primary)","213000","","USCM51100577; USCM51100576","2","0","approved"
"6effb45f-d46b-40af-b90b-228ec525485c","Headlines","original","Lead","Drake","TAKE CARE (2011)","Headlines","Drake (primary)","235986","2011-11-15","USCM51100289; USCM51100290","7","0","approved"
"38460107-5d32-4737-9878-9cd346659545","Healing","original","Joint-Primary","GORDO & Drake","2024 LEAD / PRIMARY RELEASES","Healing","Gordo (primary); Drake (primary)","294000","2024-07-26","USUS12400454","1","1","approved"
"ffddc888-20bb-4454-8269-82564c8f2048","Heat of the Moment","original","Lead","Drake","CARE PACKAGE (2019)","Heat of the Moment","Drake (primary)","343455","2014-10-25","USUG11902756; USUG11902773","7","0","approved"
"8c86121f-c76f-41c9-b8c5-3dbd7545b780","High Fives","original","Lead","Drake","HABIBTI (2026)","High Fives","Drake (primary)","256000","2026-05-15","USUG12602450; USUG12602384","3","0","approved"
"6bb6db76-1223-4189-af31-df6e89c6ab72","Hoe Phase","original","Lead","Drake","MAID OF HONOUR (2026)","Hoe Phase","Drake (primary)","203000","2026-05-15","USUG12602472; USUG12602459","3","0","approved"
"1e89dc87-89b6-4705-aa60-ef9fac21eadd","Hold On, We're Going Home","original","Lead","Drake feat. Majid Jordan","NOTHING WAS THE SAME (2013)","Hold On, We’re Going Home","Drake (primary); Majid Jordan (featured)","226973","2013-01-01","USCM51300690; USCM51300762","63","35","approved"
"2abcd45a-4e84-4f17-bd19-dd2b44cfdd59","Hotline Bling","original","Lead","Drake","VIEWS (2016)","Hotline Bling","Drake (primary)","229040","2016-05-06","USCM51600102","6","3","approved"
"0fdc0ea6-f86c-4e12-9588-e7a7f071d205","Hours in Silence","original","Joint-Primary","Drake & 21 Savage","HER LOSS — WITH 21 SAVAGE (2022)","Hours in Silence","Drake (primary); 21 Savage (primary)","399000","2023-03-17","USUG12208620; USUG12208604","8","1","approved"
"3940560c-6ea1-4fe2-b9bf-a2748ad91cc8","Housekeeping Knows","original","Lead","Drake feat. Latto","2024 LEAD / PRIMARY RELEASES","Housekeeping Knows","Drake (primary)","186692","","USUG12405320","2","0","approved"
"2474cf66-c667-4a7f-84af-57a79ca88e65","Houstatlantavegas","original","Lead","Drake","SO FAR GONE (2009)","Houstatlantavegas","Drake (primary)","290791","2009-02-13","USCM51900159; USCM51900170","13","1","approved"
"8e27b63e-b087-4894-9401-f8f600504799","How About Now","original","Lead","Drake","IF YOU'RE READING THIS IT'S TOO LATE (2015); CARE PACKAGE (2019)","How About Now","Drake (primary)","235000","2015-04-21","","4","0","approved"
"9206cde4-5cf9-4a99-8d19-e0d2c8dec13c","Hurrr Nor Thurrr","original","Lead / Collaboration","Drake & Sexyy Red","HABIBTI (2026)","Hurrr Nor Thurrr","Drake (primary); Sexyy Red (featured)","188000","2026-05-15","USUG12602451; USUG12602385","3","0","approved"
"8ce1bbdf-049d-4d5f-9f88-2f290f6c8637","HYFR (Hell Ya Fucking Right)","original","Lead","Drake feat. Lil Wayne","TAKE CARE (2011)","HYFR (Hell Ya Fuckin’ Right)","Drake (primary); Lil Wayne (featured)","206626","2011-11-15","USCM51100570","5","0","approved"
"67024ac3-058e-4dc2-bdcd-e82dc8b643f6","Hype","original","Lead","Drake","VIEWS (2016)","Hype","Drake (primary)","207573","2016-04-29","USCM51600069; USCM51600096","9","0","approved"
"40eca4d1-7f72-44d3-882e-445d4a8ba8dd","Ice Melts","original","Lead","Drake feat. Young Thug","MORE LIFE (2017)","Ice Melts","Drake (primary); Young Thug (featured)","250770","2017-03-18","USCM51700085; USCM51700086","5","0","approved"
"613146f8-05aa-4f87-8440-fd1fb61c8e06","IDGAF","original","Lead","Drake feat. Yeat","FOR ALL THE DOGS + SCARY HOURS EDITION (2023)","IDGAF","Drake (primary); Yeat (featured)","260111","2023-11-17","USUG12306072; USUG12306095","9","0","approved"
"30badc92-24f5-4b2e-98da-06d0c87c2020","I Get Lonely","original","Lead","Drake","CARE PACKAGE (2019)","I Get Lonely","Drake (primary)","253561","2019-08-02","USUG11902751","6","0","approved"
"e7ae0f64-1b64-4860-ba7f-062354353ec5","Ignant Shit","original","Lead","Drake feat. Lil Wayne","SO FAR GONE (2009)","Ignant Shit","Drake (primary); Lil Wayne (featured)","302492","2009-02-13","USCM51900156; USCM51900174","10","1","approved"
"ea2f09a9-6431-497b-89f2-dceee1951675","I Guess It's Fuck Me","original","Lead","Drake","HER LOSS — WITH 21 SAVAGE (2022)","I Guess It’s Fuck Me","Drake (primary)","263988","2023-03-17","USUG12208613; USUG12208629","8","1","approved"
"ca0ad5c5-b5b6-4c9c-8926-5d1819a8552b","I'm Goin' In","original","Lead","Drake feat. Lil Wayne & Jeezy","SO FAR GONE (2009)","I’m Goin’ In","Drake (primary); Lil Wayne (featured); Jeezy (featured)","225266","2009-09-15","USCM50900320","4","0","approved"
"02a77b83-c144-4fb9-8ce0-30a83351326d","I'm Spent","original","Lead / Collaboration","Drake & Loe Shimmy","HABIBTI (2026)","I'm Spent","Drake (primary); Loe Shimmy (featured)","144000","2026-05-15","USUG12602452; USUG12602440","3","0","approved"
"ef08780e-0eb0-438b-805e-479e1d40dab4","I'm the Plug","original","Joint-Primary","Drake & Future","WHAT A TIME TO BE ALIVE — WITH FUTURE (2015)","I’m the Plug","Drake (primary); Future (primary)","180070","2015-09-20","USCM51500298; USCM51500309","7","0","approved"
"cba87f16-e3ba-437d-a0fe-82bdb39383df","I'm Upset","original","Lead","Drake","SCORPION (2018)","I’m Upset","Drake (primary)","214000","2018-06-29","USCM51800122; USCM51800121","11","0","approved"
"cd762d31-352e-4709-8474-7b815b8acb88","IMY2","original","Lead","Drake feat. Kid Cudi","CERTIFIED LOVER BOY (2021)","IMY2","Drake (primary); Kid Cudi (featured)","252378","2021-09-03","USUG12104437; USUG12104439","8","0","approved"
"2af63744-bd3e-48e4-8957-6e3209d25fde","In My Feelings","original","Lead","Drake","SCORPION (2018)","In My Feelings","Drake (primary)","217000","2018-06-29","USCM51800207; USCM51800206","12","0","approved"
"cfcc8c9f-cb91-4aba-9d08-6a8480915dec","In the Bible","original","Lead","Drake feat. Lil Durk & Giveon","CERTIFIED LOVER BOY (2021)","In the Bible","Drake (primary); Lil Durk (featured); GIVĒON (featured)","296568","2021-09-03","USUG12104420; USUG12104400","8","0","approved"
"2e07e986-060c-4081-bd93-9d7f2a5d2b31","Intro","original","Lead","Drake","COMEBACK SEASON (2007)","Intro","Drake (primary)","30000","2007-01-01","","2","0","approved"
"f7a3f7d2-fb56-4e85-8af7-beb6acd3966c","Intro","original","Lead","Drake","HONESTLY, NEVERMIND (2022)","Intro","Drake (primary)","36935","2022-06-17","USUG12204899","7","0","approved"
"8b9f0a7e-553e-447e-a9dc-9896701581ce","Intro","original","Lead","Drake","ROOM FOR IMPROVEMENT (2006)","Intro","DJ Smallz (primary); Drake (primary)","52000","2006-02-14","","1","1","approved"
"81915b17-85a5-4f0e-ba12-d8b5c2befc3e","Is There More","original","Lead","Drake","SCORPION (2018)","Is There More","Drake (primary)","226000","2018-06-29","USCM51800209; USCM51800228","11","0","approved"
"ff4b13ff-0261-49a1-8575-c07a64470b15","It's Up","original","Lead","Drake feat. Young Thug & 21 Savage","2024 LEAD / PRIMARY RELEASES","It’s Up","Drake (primary)","278000","","USUG12405316","2","0","approved"
"2766ad08-f763-4cb3-a217-56f67d11513a","Jaded","original","Lead","Drake","SCORPION (2018)","Jaded","Drake (primary)","262000","2018-06-29","USCM51800227; USCM51800231","11","0","approved"
"e354a099-a71f-47b1-a007-90f102c1952c","Janice STFU","original","Lead","Drake","ICEMAN (2026)","Janice STFU","Drake (primary)","237344","2026-05-15","USUG12604780; USUG12604763","5","0","approved"
"72333a17-b58a-4dbe-b2f5-d413e901edeb","Jimmy Cooks","original","Lead","Drake feat. 21 Savage","HONESTLY, NEVERMIND (2022)","Jimmy Cooks","Drake (primary); 21 Savage (featured)","218000","2022-06-17","USUG12204898; USUG12204897","7","0","approved"
"6d47168a-3e14-45ed-ade1-79219a04f3bd","Jodeci Freestyle","original","Lead","Drake feat. J. Cole","CARE PACKAGE (2019)","Jodeci Freestyle","Drake (primary); J. Cole (featured)","254000","2019-08-02","USUG11902770; USUG11902753","6","0","approved"
"29e75856-47e7-4fbc-a42e-363006b83d9c","Jorja Interlude","original","Lead","Drake","MORE LIFE (2017)","Jorja Interlude","Drake (primary)","107673","2017-03-18","USCM51700082; USCM51700078","5","0","needs_review"
"ff427eae-c0ae-4e8f-a1c7-be1d00d9b0e7","Jumbotron Shit Poppin","original","Lead","Drake","HER LOSS — WITH 21 SAVAGE (2022)","Jumbotron Shit Poppin","Drake (primary)","137000","2023-03-17","USUG12208626; USUG12208610","8","1","approved"
"6510eeb2-406a-42f6-b07c-c7e9fdcc52ca","Jumpman","original","Joint-Primary","Drake & Future","WHAT A TIME TO BE ALIVE — WITH FUTURE (2015)","Jumpman","Drake (primary); Future (primary)","205937","2015-09-20","USCM51500300; USCM51500311","9","1","approved"
"29a55258-c3ae-456e-815f-0f88c1a8cfef","Jungle","original","Lead","Drake","IF YOU'RE READING THIS IT'S TOO LATE (2015)","Jungle","Drake (primary)","320400","2015-02-12","USCM51500037; USCM51500038","9","1","approved"
"e867a07d-123c-4965-8288-86daa043cbee","Karaoke","original","Lead","Drake","THANK ME LATER (2010)","Karaoke","Drake (primary)","227960","2010-01-01","USCM51000252","10","0","approved"
"a5239f0a-6947-4796-8b68-dbeeb556ae82","Keep the Family Close","original","Lead","Drake","VIEWS (2016)","Keep the Family Close","Drake (primary)","324106","2016-04-29","USCM51600061","6","0","approved"
"a9a5ca23-07b7-4138-9c73-51135bca8990","KMT","original","Lead","Drake feat. Giggs","MORE LIFE (2017)","KMT","Drake (primary); Giggs (featured)","162637","2017-03-18","USCM51700063; USCM51700065","5","0","approved"
"a96d0f03-fbd0-44a8-b8fb-917bfe6a74d2","Knife Talk","original","Lead","Drake feat. 21 Savage & Project Pat","CERTIFIED LOVER BOY (2021)","Knife Talk","Drake (primary); 21 Savage (featured); Project Pat (featured)","242965","2021-09-03","USUG12104409; USUG12104429","8","0","approved"
"18dd24e3-4bff-48cc-919f-80fc2d9eeaba","Know Yourself","original","Lead","Drake","IF YOU'RE READING THIS IT'S TOO LATE (2015)","Know Yourself","Drake (primary)","275840","2015-02-12","USUM71502037; USCM51500016","9","1","approved"
"c250fb0a-2866-42f1-91dc-af2a0217c46c","Landed","original","Lead","Drake","DARK LANE DEMO TAPES (2020)","Landed","Drake (primary)","152195","2020-05-01","USUG12001731; USUG12001730","8","0","approved"
"2393c3a0-7012-4411-bcc3-9805240c8651","LASERS","original","Joint-Primary","PARTYNEXTDOOR & Drake","$OME $EXY $ONGS 4 U — WITH PARTYNEXTDOOR (2025)","LASERS","PARTYNEXTDOOR (primary); Drake (primary)","198692","2025-01-01","USLD91772051; USLD91772030","3","0","approved"
"6b8d36e7-161e-4d7a-ab64-b64d54a0aa6f","Laugh Now Cry Later","original","Lead","Drake feat. Lil Durk","OTHER STANDALONE LEAD / JOINT-PRIMARY RELEASES","Laugh Now Cry Later","Drake (primary); Lil Durk (featured)","261492","2020-08-14","USUG12001748","3","0","approved"
"f749971b-8fd5-43b9-be34-1e547e19f310","Legend","original","Lead","Drake","IF YOU'RE READING THIS IT'S TOO LATE (2015)","Legend","Drake (primary)","241853","2015-02-12","USCM51500010; USCM51500011","8","0","approved"
"f374dd81-d3f4-43b9-b568-08b617b1e0ee","Lemon Pepper Freestyle","original","Lead","Drake feat. Rick Ross","OTHER STANDALONE LEAD / JOINT-PRIMARY RELEASES","Lemon Pepper Freestyle","Drake (primary); Rick Ross (featured)","383036","2021-03-05","USUG12101046","1","0","approved"
"66a426ac-2a0e-4341-aec5-3aeb7389d66e","Liability","original","Lead","Drake","HONESTLY, NEVERMIND (2022)","Liability","Drake (primary)","237932","2022-06-17","USUG12204895; USUG12204896","7","0","approved"
"b7656122-a880-4d47-9c31-5a4b9a70af1f","Light Up","original","Lead","Drake feat. Jay-Z","THANK ME LATER (2010)","Light Up","Drake (primary); JAŸ‐Z (featured)","274146","2010-01-01","USCM51000250; USCM51000270","10","0","approved"
"2afdb77a-4213-4f0e-af0e-9e57b42c086c","Little Birdie","original","Lead","Drake","ICEMAN (2026)","Little Birdie","Drake (primary)","176541","2026-05-15","USUG12604774; USUG12604790","5","0","approved"
"1fd6acf2-40d6-4390-8457-f7632efabc4f","Little Bit","original","Lead","Drake feat. Lykke Li","SO FAR GONE (2009)","Little Bit","Drake (primary); Lykke Li (featured)","230484","2009-02-13","USCM51900177; USCM51900160","10","1","approved"
"4f934d1e-bfa6-4328-9ac5-ca084d1f671b","Live from the Gutter","original","Joint-Primary","Drake & Future","WHAT A TIME TO BE ALIVE — WITH FUTURE (2015)","Live From the Gutter","Drake (primary); Future (primary)","211696","2015-09-20","USCM51500295; USCM51500305","7","0","approved"
"f012d819-0e61-4ba2-9add-f37f7f7d948d","Look What You've Done","original","Lead","Drake","TAKE CARE (2011)","Look What You’ve Done","Drake (primary)","301960","2011-11-14","USCM51100568; USCM51100569","11","0","approved"
"35f533e6-7481-497e-b86f-a354daf41b3a","Lord Knows","original","Lead","Drake feat. Rick Ross","TAKE CARE (2011)","Lord Knows","Drake (primary); Rick Ross (featured)","307640","2011-11-14","USCM51100559; USCM51100558","11","0","approved"
"7f040ce1-dade-4ce6-9106-5c105192dbcd","Lose You","original","Lead","Drake","MORE LIFE (2017)","Lose You","Drake (primary)","305373","2017-03-18","USCM51700071; USCM51700189","5","0","approved"
"ab85820a-12d7-4ee6-b403-587a33b9aeec","Losses","original","Lead","Drake","DARK LANE DEMO TAPES (2020)","Losses","Drake (primary)","271183","2020-05-01","USUG12001736; USUG12001737","8","0","approved"
"2594046f-1686-4ddd-a02e-4376b0ac4e2b","Love All","original","Lead","Drake feat. Jay-Z","CERTIFIED LOVER BOY (2021)","Love All","Drake (primary); JAŸ‐Z (featured)","228461","2021-09-03","USUG12104401; USUG12104421","8","0","approved"
"7bfbbe67-37ff-472f-9ed2-c18b5d5321a8","Lust for Life","original","Lead","Drake","SO FAR GONE (2009)","Lust for Life","Drake (primary)","176179","2009-02-13","USCM51900169; USCM51900146","10","1","approved"
"89a6d2ce-c391-49bd-a150-b3a4b716e5c4","Madiba Riddim","original","Lead","Drake","MORE LIFE (2017)","Madiba Riddim","Drake (primary)","205162","2017-03-18","USCM51700053","5","0","approved"
"bd4c3a41-ab72-408f-8f4a-e545543c0762","Madonna","original","Lead","Drake","IF YOU'RE READING THIS IT'S TOO LATE (2015)","Madonna","Drake (primary)","247000","2015-02-12","USCM51500019","6","0","approved"
"1e18f1df-a62f-4934-a30e-c7c6494878c5","Major Distribution","original","Joint-Primary","Drake & 21 Savage","HER LOSS — WITH 21 SAVAGE (2022)","Major Distribution","Drake (primary); 21 Savage (primary)","170000","2023-03-17","USUG12208615; USUG12208599","8","1","approved"
"b3dc0a7d-fbf2-405f-95ed-5019794ecd44","Make Me Proud","original","Lead","Drake feat. Nicki Minaj","TAKE CARE (2011)","Make Me Proud","Drake (primary); Nicki Minaj (featured)","219892","2011-10-16","USCM51100505; USCM51100506","13","1","approved"
"9755f809-9006-4fbd-b4a6-9d1639080c44","Make Them Cry","original","Lead","Drake","ICEMAN (2026)","Make Them Cry","Drake (primary)","307681","2026-05-15","USUG12602487; USUG12604772","5","0","approved"
"e6f30cb5-cc09-4862-a973-d63642aaeefb","Make Them Know","original","Lead","Drake","ICEMAN (2026)","Make Them Know","Drake (primary)","248285","2026-05-15","USUG12604793; USUG12604777","5","0","approved"
"32a7943f-53c2-4b61-b34c-9471ee177b2f","Make Them Pay","original","Lead","Drake","ICEMAN (2026)","Make Them Pay","Drake (primary)","301950","2026-05-15","USUG12604783; USUG12604766","5","0","approved"
"118adc02-9fad-47f4-b24d-5dc0939514a4","Make Them Remember","original","Lead","Drake","ICEMAN (2026)","Make Them Remember","Drake (primary)","323712","2026-05-15","USUG12604789; USUG12604773","5","0","approved"
"075e132b-c0e2-42aa-9482-17f1e71d2f79","Man of the Year","original","Lead","Drake feat. Lil Wayne","COMEBACK SEASON (2007)","Man of the Year","Drake (primary); Lil Wayne (featured)","302000","2007-01-01","","2","0","approved"
"39965810-ab67-4a3d-bebb-820edbe20dad","March 14","original","Lead","Drake","SCORPION (2018)","March 14","Drake (primary)","309000","2018-06-29","USCM51800222; USCM51800223","11","0","approved"
"d5e1f3c8-9957-4b22-b30a-644793eefdbf","Marvins Room","original","Lead","Drake","TAKE CARE (2011)","Marvins Room","Drake (primary)","347226","2011-11-15","USCM51100267; USCM51100268","7","0","approved"
"9a080fb8-8d5b-431a-998a-55b3c8e17abd","Massive","original","Lead","Drake","HONESTLY, NEVERMIND (2022)","Massive","Drake (primary)","336924","2022-06-17","USUG12204890","7","0","approved"
"6ab683f3-7279-4a04-8465-e08d7950efce","MEET YOUR PADRE","original","Joint-Primary","PARTYNEXTDOOR, Drake & Chino Pacas","$OME $EXY $ONGS 4 U — WITH PARTYNEXTDOOR (2025)","MEET YOUR PADRE","PARTYNEXTDOOR (primary); Drake (primary); Chino Pacas (primary)","271058","2025-01-01","USLD91772031; USLD91772052","3","0","approved"
"5af3e81c-316c-4cdb-acf4-9d33c18c0e79","Members Only","original","Lead","Drake feat. PARTYNEXTDOOR","FOR ALL THE DOGS + SCARY HOURS EDITION (2023)","Members Only","Drake (primary); PARTYNEXTDOOR (featured)","277720","2023-11-17","USUG12306079; USUG12306102","9","0","approved"
"e9cb6c80-9026-4cf8-b20a-0d7798038f1e","Middle of the Ocean","original","Lead","Drake","HER LOSS — WITH 21 SAVAGE (2022)","Middle of the Ocean","Drake (primary)","356000","2023-03-17","USUG12208609; USUG12208625","8","1","approved"
"2cb5247b-9768-4779-9ac8-c18bc092dcfa","Missin' You","original","Lead","Drake","COMEBACK SEASON (2007)","","Drake (primary)","","","","0","0","needs_review"
"9547fbee-1f3f-468a-bc0d-a55849ee8b2c","Miss Me","original","Lead","Drake feat. Lil Wayne","THANK ME LATER (2010)","Miss Me","Drake (primary); Lil Wayne (featured)","305520","2010-01-01","USCM51000209; USCM51000210","11","1","approved"
"495fe00e-bc38-443a-ade8-34f9c68b7f90","Mob Ties","original","Lead","Drake","SCORPION (2018)","Mob Ties","Drake (primary)","205000","2018-06-29","USCM51800212; USCM51800211","11","0","approved"
"e6c9b4c3-a37c-4ac1-89a2-c647d37b64f9","Money in the Grave","original","Lead","Drake feat. Rick Ross","OTHER STANDALONE LEAD / JOINT-PRIMARY RELEASES","Money in the Grave","Drake (primary); Rick Ross (featured)","205426","2019-06-15","USCM51900318","3","0","approved"
"a3f756e1-29a6-4089-9b54-f837f453e424","More M's","original","Joint-Primary","Drake & 21 Savage","HER LOSS — WITH 21 SAVAGE (2022)","More M’s","Drake (primary); 21 Savage (primary)","221000","2023-03-17","USUG12208627; USUG12208611","8","1","approved"
"efb448af-598a-4afc-ace0-941c2d12a18f","MOTH BALLS","original","Joint-Primary","PARTYNEXTDOOR & Drake","$OME $EXY $ONGS 4 U — WITH PARTYNEXTDOOR (2025)","MOTH BALLS","PARTYNEXTDOOR (primary); Drake (primary)","212629","2025-01-01","USLD91772041; USLD91772020","3","0","approved"
"5f4cb719-b5df-477e-9002-916e7ff812d2","Must Hate Skits","original","Lead","Drake","COMEBACK SEASON (2007)","","Drake (primary)","","","","0","0","needs_review"
"36a3fb1b-c163-41a0-baa1-5466b9885ab6","My Side","original","Lead","Drake","IF YOU'RE READING THIS IT'S TOO LATE (2015); CARE PACKAGE (2019)","My Side","Drake (primary)","294650","2019-08-02","USUG11902752; USUG11902769","6","0","approved"
"a480f1d3-909f-4352-baf9-d0c447f4575a","N 2 Deep","original","Lead","Drake feat. Future","CERTIFIED LOVER BOY (2021)","N 2 Deep","Drake (primary)","273577","2021-09-03","USUG12104425; USUG12104405","8","0","approved"
"acafeda8-8d2c-4cbb-9e72-19f2f29ee2e5","National Treasures","original","Lead","Drake","ICEMAN (2026)","National Treasures","Drake (primary)","200830","2026-05-15","USUG12604785; USUG12604768","5","0","approved"
"4214a9b7-fab8-48bd-9c32-610bf029cd85","New Bestie","original","Lead","Drake","MAID OF HONOUR (2026)","New Bestie","Drake (primary)","259000","2026-05-15","USUG12602467; USUG12602480","3","0","approved"
"0de3519e-b2d5-4c48-b439-e15532f3a921","Nice for What","original","Lead","Drake","SCORPION (2018)","Nice for What","Drake (primary)","210000","2018-04-06","USCM51800077; USCM51800078","12","0","approved"
"e7ee9720-08a0-4bbd-87a4-24ae988eba38","No Face","original","Lead","Drake","2024 LEAD / PRIMARY RELEASES","No Face","Drake (primary)","137000","","USUG12405322","1","0","approved"
"7ffea23c-68ba-4a1f-ae9a-1b3e29e3b843","No Friends in the Industry","original","Lead","Drake","CERTIFIED LOVER BOY (2021)","No Friends in the Industry","Drake (primary)","204346","2021-09-03","USUG12104408; USUG12104428","8","0","approved"
"78ab64b9-e8ce-48ea-a42a-a33465e970a7","NOKIA","original","Lead","Drake","$OME $EXY $ONGS 4 U — WITH PARTYNEXTDOOR (2025)","NOKIA","Drake (primary)","241023","2025-01-01","USLD91772053; USLD91772032","3","0","approved"
"c90ef647-8ffb-410d-82be-cec7d566bb76","No Long Talk","original","Lead","Drake feat. Giggs","MORE LIFE (2017)","No Long Talk","Drake (primary); Giggs (featured)","149568","2017-03-18","USCM51700068; USCM51700066","5","0","approved"
"e2f1c16f-7d3e-4b3a-9d94-33f6417546a8","Nonstop","original","Lead","Drake","SCORPION (2018)","Nonstop","Drake (primary)","238000","2018-06-29","USCM51800191; USCM51800192","12","0","approved"
"917b863c-5f67-424f-9a75-73a0e46b32c4","No Tellin'","original","Lead","Drake","IF YOU'RE READING THIS IT'S TOO LATE (2015)","No Tellin’","Drake (primary)","310929","2015-02-12","USCM51500017; USCM51500018","8","0","approved"
"fb59a8d4-93d7-4f8f-a70d-d3cbbf9fca0f","Nothings Into Somethings","original","Lead","Drake","MORE LIFE (2017)","Nothings Into Somethings","Drake (primary)","153724","2017-03-18","USCM51700074","5","0","approved"
"ebac9bb5-80b5-4deb-b322-962916800b4f","Not You Too","original","Lead","Drake feat. Chris Brown","DARK LANE DEMO TAPES (2020)","Not You Too","Drake (primary); Chris Brown (featured)","269680","2020-05-01","USUG12001725; USUG12001726","8","0","approved"
"bdbd3976-01cf-4d8c-a624-9c94c88bda7a","November 18th","original","Lead","Drake","SO FAR GONE (2009)","November 18th","Drake (primary)","188189","2009-02-13","USCM51900155; USCM51900173","10","1","approved"
"aa6a5cdc-fe4f-4e0d-8fff-be2cf995320e","Now & Forever","original","Lead","Drake","IF YOU'RE READING THIS IT'S TOO LATE (2015)","Now & Forever","Drake (primary)","281329","2015-02-12","USCM51500031; USCM51500032","8","0","approved"
"41cce609-7802-41c5-9042-299d31d144df","Omertà","original","Lead","Drake","OTHER STANDALONE LEAD / JOINT-PRIMARY RELEASES","Omertà","Drake (primary)","219506","2019-06-15","USCM51900312","2","0","approved"
"7fb7b3cc-cf83-45d8-a282-c7a421c5d216","OMW","original","Joint-Primary","PARTYNEXTDOOR & Drake","$OME $EXY $ONGS 4 U — WITH PARTYNEXTDOOR (2025)","OMW","PARTYNEXTDOOR (primary); Drake (primary)","233030","2025-01-01","USLD91772057; USLD91772036","3","0","approved"
"9799b6a6-e4c9-46ff-8bf3-abb618ea3b8f","On BS","original","Joint-Primary","Drake & 21 Savage","HER LOSS — WITH 21 SAVAGE (2022)","On BS","Drake (primary); 21 Savage (primary)","261544","2023-03-17","USUG12208616; USUG12208600","8","1","approved"
"8c7e5c5f-4558-4c6a-8ca0-5a02b06671e8","One Dance","original","Lead","Drake feat. Wizkid & Kyla","VIEWS (2016)","One Dance","Drake (primary); Wizkid (featured); Kyla (featured)","187053","2016-05-06","USCM51600101","3","0","approved"
"948ae8a8-56a9-4785-9eca-daa250ec4037","Outro","original","Lead","Drake","ROOM FOR IMPROVEMENT (2006)","","Drake (primary)","","","","0","0","needs_review"
"41cf0310-88d8-4002-bee6-acb29e76bd9d","Outside Tweaking","original","Lead / Collaboration","Drake & Stunna Sandy","MAID OF HONOUR (2026)","Outside Tweaking","Drake (primary); Stunna Sandy (featured)","190000","2026-05-15","USUG12602474; USUG12602461","3","0","approved"
"ba5afb48-8f35-446a-9e57-820340b6d86a","Over","original","Lead","Drake","THANK ME LATER (2010)","Over","Drake (primary)","233560","2010-01-01","USCM51000100; USCM51000411","12","1","approved"
"92dee04b-6b18-4909-9b46-5583d121b1e4","Overdrive","original","Lead","Drake","HONESTLY, NEVERMIND (2022)","Overdrive","Drake (primary)","202451","2022-06-17","USUG12204892","7","0","approved"
"337070d7-24d7-467b-8434-85a2247c59d3","Over My Dead Body","original","Lead","Drake","TAKE CARE (2011)","Over My Dead Body","Drake (primary)","272573","2011-11-14","USCM51100544; USCM51100549","11","0","approved"
"701c1827-02d1-460a-bfc7-fe6c998c9bdc","Own It","original","Lead","Drake","NOTHING WAS THE SAME (2013)","Own It","Drake (primary)","251973","2013-01-01","USCM51300741; USCM51300740","19","0","approved"
"995202bf-0766-4f7b-b6b6-e510eec4f39e","Pain 1993","original","Lead","Drake feat. Playboi Carti","DARK LANE DEMO TAPES (2020)","Pain 1993","Drake (primary); Playboi Carti (featured)","149078","2020-05-01","USUG12001745; USUG12001735; USUG12001746; USUG12001734","8","0","approved"
"6ffaa7e1-3dec-48bd-ae80-5ff7a82e8ae9","Papi's Home","original","Lead","Drake","CERTIFIED LOVER BOY (2021)","Papi’s Home","Drake (primary)","178623","2021-09-03","USUG12104398; USUG12104418","8","0","approved"
"f3c6787e-a4bc-4125-b323-9b7b222b4350","Paris Morton Music","original","Lead","Drake","CARE PACKAGE (2019)","Paris Morton Music","Drake (primary)","251239","2019-08-02","USUG11902758; USUG11902775","6","0","approved"
"fe753ebb-f805-46de-bb98-316b50bfcd54","Passionfruit","original","Lead","Drake","MORE LIFE (2017)","Passionfruit","Drake (primary)","298941","2017-03-18","USCM51700075; USCM51700072","6","0","approved"
"1d9d3b56-6ea8-40e2-b2e0-bb304c04c75d","Pass the Dutch","original","Group / Joint","Young Money feat. Short Dawg","WE ARE YOUNG MONEY — DRAKE PERFORMANCES (2009)","Pass the Dutch","Lil Wayne (primary); Gudda Gudda (primary); Drake (primary); Short Dawg (featured)","306000","2009-12-21","USCM50901226","2","2","approved"
"b5f8f4b9-9d86-4ee3-8ff3-0fe7953b83c4","Peak","original","Lead","Drake","SCORPION (2018)","Peak","Drake (primary)","206000","2018-06-29","USCM51800220; USCM51800229","11","0","approved"
"ec2f552b-a4b8-4538-9f92-cabebf76cc2f","PIMMIE'S DILEMMA","original","Joint-Primary","Pimmie, PARTYNEXTDOOR & Drake","$OME $EXY $ONGS 4 U — WITH PARTYNEXTDOOR (2025)","PIMMIE’S DILEMMA","PARTYNEXTDOOR (primary); Drake (primary); Pim (primary)","118153","2025-01-01","USLD91772047; USLD91772026","3","0","approved"
"e02d99ae-f2a9-4fd8-a204-f5b96a9c89e7","Pipe Down","original","Lead","Drake","CERTIFIED LOVER BOY (2021)","Pipe Down","Drake (primary)","205721","2021-09-03","USUG12104406; USUG12104426","8","0","approved"
"f0b733d1-2cfb-4c5b-bf58-298a3adfc20f","Pistol Proof","original","Lead","Drake","ROOM FOR IMPROVEMENT (2006)","","Drake (primary)","","","","0","0","needs_review"
"1352c6c5-ba4d-4dba-aaf1-e17c929a8c8f","Plastic Bag","original","Joint-Primary","Drake & Future","WHAT A TIME TO BE ALIVE — WITH FUTURE (2015)","Plastic Bag","Drake (primary); Future (primary)","202152","2015-09-20","USCM51500308; USCM51500297","7","0","approved"
"bc55b80e-e4b7-4bb9-8718-4748df9d0ac8","Plot Twist","original","Lead","Drake","ICEMAN (2026)","Plot Twist","Drake (primary)","195678","2026-05-15","USUG12604787; USUG12604770","5","0","approved"
"efa682fe-1482-4974-a4a9-947f43896797","Polar Opposites","original","Lead","Drake","FOR ALL THE DOGS + SCARY HOURS EDITION (2023)","Polar Opposites","Drake (primary)","257180","2023-11-17","USUG12306111; USUG12306088","9","0","approved"
"3245e04b-760e-44b0-8487-2238b119b7b2","Pop Style","original","Lead","Drake","VIEWS (2016)","Pop Style","Drake (primary)","212946","2016-04-29","USCM51600087; USCM51600086","9","0","approved"
"6318c0a0-7d46-4938-8b1d-f6ff42c2224f","Portland","original","Lead","Drake feat. Quavo & Travis Scott","MORE LIFE (2017)","Portland","Drake (primary); Quavo (featured); Travis Scott (featured)","236614","2017-03-18","USCM51700064; USCM51700055","5","0","approved"
"9f4cdab9-283d-4f6b-a696-84f6b7e30147","Pound Cake / Paris Morton Music 2","original","Lead","Drake feat. Jay-Z","NOTHING WAS THE SAME (2013)","Pound Cake / Paris Morton Music 2","Drake (primary); JAŸ‐Z (featured)","433800","2013-01-01","USCM51300754; USCM51300755","19","0","approved"
"70195635-15eb-4fbe-99d8-f054345853b3","Practice","original","Lead","Drake","TAKE CARE (2011)","Practice","Drake (primary)","237733","2011-11-14","USCM51100573; USCM51100572","11","0","approved"
"1d03b4dd-a6a6-4292-a375-36e7dab0ed8f","Preach","original","Lead","Drake feat. PARTYNEXTDOOR","IF YOU'RE READING THIS IT'S TOO LATE (2015)","Preach","Drake (primary); PARTYNEXTDOOR (featured)","236960","2015-02-12","USCM51500025; USCM51500026","9","1","approved"
"ada8ed70-148f-4889-af4d-fd30eb0bc174","Princess","original","Lead","Drake","MAID OF HONOUR (2026)","Princess","Drake (primary)","193000","2026-05-15","USUG12602484; USUG12602471","3","0","approved"
"13cdd472-fe1d-4676-af43-cd95b1bc3c8d","Prioritizing","original","Lead","Drake","HABIBTI (2026)","Prioritizing","Drake (primary)","233000","2026-05-15","USUG12602445; USUG12602457","3","0","approved"
"7a16b801-04ab-4363-8f32-17d07bdd2a85","Privileged Rappers","original","Joint-Primary","Drake & 21 Savage","HER LOSS — WITH 21 SAVAGE (2022)","Privileged Rappers","Drake (primary); 21 Savage (primary)","160821","2023-03-17","USUG12208602; USUG12208618","8","1","approved"
"4dc57d5e-9693-497a-a118-299d23368593","Push Ups","original","Lead","Drake","2024 LEAD / PRIMARY RELEASES","Push Ups","Drake (primary)","232774","","USUG12402283","2","0","approved"
"f4c443b0-1fc8-47a2-8ded-ec4b99cbb8da","Pussy & Millions","original","Joint-Primary","Drake & 21 Savage feat. Travis Scott","HER LOSS — WITH 21 SAVAGE (2022)","Pussy & Millions","Drake (primary); 21 Savage (primary); Travis Scott (featured)","242000","2023-03-17","USUG12208607; USUG12208623","8","1","approved"
"943fcc0e-15a4-4173-a7b5-9e92385a022e","Q&A","original","Lead","Drake","MAID OF HONOUR (2026)","Q&A","Drake (primary)","223000","2026-05-15","USUG12602481; USUG12602468","3","0","approved"
"c1487267-bc83-4b4c-abcd-fb3ea5cf339a","Race My Mind","original","Lead","Drake","CERTIFIED LOVER BOY (2021)","Race My Mind","Drake (primary)","269883","2021-09-03","USUG12104411; USUG12104431","8","0","approved"
"e4227f32-5a19-4be3-853f-41fb14f58e0a","RAINING IN HOUSTON","original","Lead","Drake","$OME $EXY $ONGS 4 U — WITH PARTYNEXTDOOR (2025)","RAINING IN HOUSTON","Drake (primary)","244931","2025-01-01","USLD91772050; USLD91772029","3","0","approved"
"0e779d53-95c3-42aa-90c2-9c76fb36155f","Ran To Atlanta","original","Lead / Collaboration","Drake, Future & Molly Santana","ICEMAN (2026)","Ran to Atlanta","Drake (primary); Future (featured); Molly Santana (featured)","247183","2026-05-15","USUG12604764; USUG12604781","5","0","approved"
"423ef233-5890-4de9-86a7-18f7670bc165","Ratchet Happy Birthday","original","Lead","Drake","SCORPION (2018)","Ratchet Happy Birthday","Drake (primary)","207000","2018-06-29","USCM51800193; USCM51800188","11","0","approved"
"1caf3d9e-d916-49a6-8643-88acfbec2419","Red Button","original","Lead","Drake","FOR ALL THE DOGS + SCARY HOURS EDITION (2023)","Red Button","Drake (primary)","160000","2023-11-17","USUG12306113; USUG12306112","3","0","approved"
"381498c6-d5bc-43d9-8429-eff51512fac9","Redemption","original","Lead","Drake","VIEWS (2016)","Redemption","Drake (primary)","333946","2016-04-29","USCM51600072; USCM51600073","9","0","approved"
"30d8b883-7b0f-420c-8b73-58bfe0b32604","Replacement Girl","original","Lead","Drake feat. Trey Songz","COMEBACK SEASON (2007)","Replacement Girl","Drake (primary); Trey Songz (featured)","221000","2007-01-01","","2","0","approved"
"f9fffded-6d82-4456-ae6b-6c0f1f66d7db","Rich Baby Daddy","original","Lead","Drake feat. Sexyy Red & SZA","FOR ALL THE DOGS + SCARY HOURS EDITION (2023)","Rich Baby Daddy","Drake (primary); Sexyy Red (featured); SZA (featured)","319191","2023-11-17","USUG12306085; USUG12306108","9","0","approved"
"f7fbe40d-3f3c-4a24-abf6-308713a34bc8","Rich Flex","original","Joint-Primary","Drake & 21 Savage","HER LOSS — WITH 21 SAVAGE (2022)","Rich Flex","Drake (primary); 21 Savage (primary)","239000","2023-03-17","USUG12208598; USUG12208614","8","1","approved"
"bb8739e8-d2d8-4a33-beb8-619e4df69806","Road Trips","original","Lead","Drake","MAID OF HONOUR (2026)","Road Trips","Drake (primary)","243000","2026-05-15","USUG12602473; USUG12602460","3","0","approved"
"45036617-f9fb-4608-b80f-2aea734cfc30","Room for Improvement","original","Lead","Drake","ROOM FOR IMPROVEMENT (2006)","","Drake (primary)","","","","0","0","needs_review"
"6ef60612-153c-4143-ace4-988febc1bbc2","Rusty Intro","original","Lead","Drake","HABIBTI (2026)","Rusty Intro","Drake (primary)","62000","2026-05-15","USUG12602381; USUG12602447","3","0","approved"
"9adf1984-224a-4ecf-8eed-d13128c0ea9f","Sacrifices","original","Lead","Drake feat. 2 Chainz & Young Thug","MORE LIFE (2017)","Sacrifices","Drake (primary); 2 Chainz (featured); Young Thug (featured)","307593","2017-03-18","USCM51700067; USCM51700188","5","0","approved"
"2a53a4a6-a31f-4d1f-9b30-fb0b6ee73540","Sandra's Rose","original","Lead","Drake","SCORPION (2018)","Sandra’s Rose","Drake (primary)","216000","2018-06-29","USCM51800218; USCM51800219","11","0","approved"
"8447710d-7623-4ade-8185-fd391370a37f","Say What's Real","original","Lead","Drake","SO FAR GONE (2009)","Say What’s Real","Drake (primary)","230000","2009-02-13","USCM51900158; USCM51900176","11","2","approved"
"76cde421-491c-4f7f-94cc-ad829cfb20fa","S.C.A.R.","original","Lead","Drake feat. Nickelus F","ROOM FOR IMPROVEMENT (2006)","","Drake (primary); Nickelus F (featured)","","","","0","0","needs_review"
"d13d5bcd-0b3d-4663-8a1a-1e990a79428f","Scholarships","original","Joint-Primary","Drake & Future","WHAT A TIME TO BE ALIVE — WITH FUTURE (2015)","Scholarships","Drake (primary); Future (primary)","209351","2015-09-20","USCM51500307; USCM51500296","7","0","approved"
"47f914ef-b1cc-4c19-8d10-6046fc438305","Screw the World – Interlude","original","Interlude / Review","Drake project track","FOR ALL THE DOGS + SCARY HOURS EDITION (2023)","Screw the World (interlude)","Drake (primary)","112093","2023-11-17","USUG12306100; USUG12306077","9","0","needs_review"
"81da92e4-47b1-4fa5-882c-735f5d060211","Search & Rescue","original","Lead","Drake","OTHER STANDALONE LEAD / JOINT-PRIMARY RELEASES","Search & Rescue","Drake (primary)","272113","","USUG12301601","2","0","approved"
"f9a10234-6d0d-4532-803d-47bfa92ea408","Shabang","original","Lead","Drake","ICEMAN (2026)","Shabang","Drake (primary)","188722","2026-05-15","USUG12604765; USUG12604782","5","0","approved"
"9913ab5d-04b4-4f52-831f-28f1670d8a9b","Share","original","Lead","Drake","COMEBACK SEASON (2007)","Share","Drake (primary)","106000","2007-01-01","","2","0","approved"
"af7a646c-25d0-4ffd-b7e4-6e32ed4599b1","Shot for Me","original","Lead","Drake","TAKE CARE (2011)","Shot for Me","Drake (primary)","224720","2011-11-14","USCM51100550; USCM51100545","11","0","approved"
"53634ce2-f2c0-4dcf-988a-8cc58a7b9883","Show Me a Good Time","original","Lead","Drake","THANK ME LATER (2010)","Show Me a Good Time","Drake (primary)","210360","2010-01-01","USCM51000254; USCM51000265","10","0","approved"
"eb4fd954-e6e2-4c5d-bde0-b18f4fcfa129","Shut It Down","original","Lead","Drake feat. The-Dream","THANK ME LATER (2010)","Shut It Down","Drake (primary); The‐Dream (featured)","419306","2010-01-01","USCM51000268; USCM51000257","10","0","approved"
"f281384f-da09-4922-be98-bbce618917ef","Sideways","original","Joint-Primary","GORDO & Drake","2024 LEAD / PRIMARY RELEASES","Sideways","Gordo (primary); Drake (primary)","253000","2024-07-26","USUS12400451","1","1","approved"
"63223a7a-9843-4fb0-874f-4c344fb688dc","Signs","original","Lead","Drake","OTHER STANDALONE LEAD / JOINT-PRIMARY RELEASES","Signs","Drake (primary)","234345","2017-06-23","USCM51700269","1","0","approved"
"0f6dbf28-4a72-4734-9b0f-6db06c6633b2","Since Way Back","original","Lead","Drake feat. PARTYNEXTDOOR","MORE LIFE (2017)","Since Way Back","Drake (primary); PARTYNEXTDOOR (featured)","368035","2017-03-18","USCM51700079","5","0","approved"
"417c95c9-5e60-4928-b560-3a579dc8432d","Skepta Interlude","original","Review","Drake project track / Skepta performance","MORE LIFE (2017)","Skepta Interlude","Drake (primary)","143213","2017-03-18","USCM51700087; USCM51700088","5","0","needs_review"
"5cf9b0e7-c4bd-4a46-9cf9-48d60d60fb0d","Slap The City","original","Lead","Drake","HABIBTI (2026)","Slap the City","Drake (primary); Qendresa (featured)","202000","2026-05-15","USUG12602383; USUG12602449","3","0","approved"
"330d5e56-70b1-4f21-9821-896cb6021a1f","Slime You Out","original","Lead","Drake feat. SZA","FOR ALL THE DOGS + SCARY HOURS EDITION (2023)","Slime You Out","Drake (primary); SZA (featured)","310490","2023-11-17","USUG12306065; USUG12306064","12","0","approved"
"dc96c41a-6419-4652-ac01-210a36cde999","SMALL TOWN FAME","original","Lead","Drake","$OME $EXY $ONGS 4 U — WITH PARTYNEXTDOOR (2025)","SMALL TOWN FAME","Drake (primary)","148509","2025-01-01","USLD91772046; USLD91772025","3","0","approved"
"326a12a4-1961-48f5-a63c-9e9cee0c3db5","SOMEBODY LOVES ME","original","Joint-Primary","PARTYNEXTDOOR & Drake","$OME $EXY $ONGS 4 U — WITH PARTYNEXTDOOR (2025)","SOMEBODY LOVES ME","PARTYNEXTDOOR (primary); Drake (primary)","182767","2025-01-01","USLD91772034; USLD91772055","3","0","approved"
"4dfa78a5-fe07-43af-8fe7-bdf589f0d2cb","SOMETHING ABOUT YOU","original","Joint-Primary","PARTYNEXTDOOR & Drake","$OME $EXY $ONGS 4 U — WITH PARTYNEXTDOOR (2025)","SOMETHING ABOUT YOU","PARTYNEXTDOOR (primary); Drake (primary)","218682","2025-01-01","USLD91772042; USLD91772021","3","0","approved"
"97571702-5150-448f-8e81-24efbab4d91a","So So Fresh","original","Lead","Drake","SO FAR GONE (2009)","","Drake (primary)","","","","0","0","needs_review"
"2fef2930-d69f-4c47-b526-7e53c7372e8e","SPIDER-MAN SUPERMAN","original","Joint-Primary","PARTYNEXTDOOR & Drake","$OME $EXY $ONGS 4 U — WITH PARTYNEXTDOOR (2025)","SPIDER‐MAN SUPERMAN","PARTYNEXTDOOR (primary); Drake (primary)","203893","2025-01-01","USLD91772044; USLD91772023","3","0","approved"
"e02745aa-6eaf-43fa-9745-9e0b2e906c2a","Spin Bout U","original","Joint-Primary","Drake & 21 Savage","HER LOSS — WITH 21 SAVAGE (2022)","Spin Bout U","Drake (primary); 21 Savage (primary)","214589","2023-03-17","USUG12208619; USUG12208603","8","1","approved"
"9fba0037-bd51-45cf-af29-f5048f84a0bf","Star67","original","Lead","Drake","IF YOU'RE READING THIS IT'S TOO LATE (2015)","Star67","Drake (primary)","295000","2015-02-12","USCM51500024; USCM51500023","9","1","approved"
"ebb64857-503a-428c-b40c-2704fdb47c37","Started from the Bottom","original","Lead","Drake","NOTHING WAS THE SAME (2013)","Started From the Bottom","Drake (primary)","174120","2013-01-01","USCM51300065; USCM51300064","22","1","approved"
"ba3ff125-1074-48af-8a77-49f3f100adc0","Sticky","original","Lead","Drake","HONESTLY, NEVERMIND (2022)","Sticky","Drake (primary)","243000","2022-06-17","USUG12204889; USUG12204888","7","0","approved"
"40e8b847-ba80-4787-9d0a-5b022037192d","Still Here","original","Lead","Drake","VIEWS (2016)","Still Here","Drake (primary)","175373","2016-05-06","USCM51600099","3","0","approved"
"106472ff-b777-4f21-a23a-e321058894fb","Stories About My Brother","original","Lead","Drake","FOR ALL THE DOGS + SCARY HOURS EDITION (2023)","Stories About My Brother","Drake (primary)","264130","2023-11-17","USUG12306114; USUG12306115","3","0","approved"
"ae6bb751-eed1-490d-aee7-6521033b3921","Stuck","original","Lead","Drake","MAID OF HONOUR (2026)","Stuck","Drake (primary)","177000","2026-05-15","USUG12602482; USUG12602469","3","0","approved"
"a5918652-14d9-4bce-996d-1d587a128f36","Successful","original","Lead","Drake feat. Trey Songz & Lil Wayne","SO FAR GONE (2009)","Successful","Drake (primary); Trey Songz (featured); Lil Wayne (featured)","375050","2009-02-13","USCM51900150; USCM51900171","10","1","approved"
"df95c3b6-1b6c-4113-9368-d70b016029e7","Summer Games","original","Lead","Drake","SCORPION (2018)","Summer Games","Drake (primary)","247893","2018-06-29","USCM51800224","11","0","approved"
"518ee633-7ad9-4463-a0c9-fe481704d291","Summer Sixteen","original","Lead","Drake","OTHER STANDALONE LEAD / JOINT-PRIMARY RELEASES","Summer Sixteen","Drake (primary)","202000","2016-01-30","","1","0","approved"
"beae6635-1cd1-4edb-8369-7e1d4f1047fe","Summers Over Interlude","original","Lead","Drake","VIEWS (2016)","Summers Over (interlude)","Drake (primary)","106333","2016-04-29","USCM51600091; USCM51600090","9","0","approved"
"0817d1ef-deb5-4cfd-98a8-d21056ad67e1","Survival","original","Lead","Drake","SCORPION (2018)","Survival","Drake (primary)","136000","2018-06-29","USCM51800190; USCM51800189","11","0","approved"
"af9b20b9-502d-4f01-9e81-c7346a25312a","Take Care","original","Lead","Drake feat. Rihanna","TAKE CARE (2011)","Take Care","Drake (primary); Rihanna (featured)","277386","2011-11-14","USCM51100552; USCM51100547","21","6","approved"
"0545a848-8304-4cf6-856e-40503a18e318","Talk Up","original","Lead","Drake feat. Jay-Z","SCORPION (2018)","Talk Up","Drake (primary); JAŸ‐Z (featured)","195000","2018-06-29","USCM51800232","6","0","approved"
"62870bfe-1578-43b5-a4ea-46ea9fe63bdd","Teach U a Lesson","original","Lead","Drake","COMEBACK SEASON (2007)","Teach U a Lesson","Drake (primary)","309000","2007-01-01","","2","0","approved"
"7a5f6822-cd88-4897-9345-670607f3a345","Teenage Fever","original","Lead","Drake","MORE LIFE (2017)","Teenage Fever","Drake (primary)","219692","2017-03-18","USCM51700048; USCM51700051","5","0","approved"
"726d21d5-deba-4bfe-821a-6b40a461d5cd","Texts Go Green","original","Lead","Drake","HONESTLY, NEVERMIND (2022)","Texts Go Green","Drake (primary)","308820","2022-06-17","USUG12204882","7","0","approved"
"78e75479-0d3c-44a4-b9ac-580f441fee36","Thank Me Now","original","Lead","Drake","THANK ME LATER (2010)","Thank Me Now","Drake (primary)","328573","2010-01-01","USCM51000260; USCM51000262","10","0","approved"
"3016cb30-2c52-4126-ac5f-c545e8b4d90b","That's How You Feel","original","Lead","Drake","SCORPION (2018)","That’s How You Feel","Drake (primary)","157000","2018-06-29","USCM51800198; USCM51800195","11","0","approved"
"4b4d284a-44d4-4b6e-ab37-b0ee591c904b","The Calm","original","Lead","Drake","SO FAR GONE (2009)","The Calm","Drake (primary)","243724","2009-02-13","USCM51900183; USCM51900149","13","1","approved"
"ee266903-716d-47be-ab11-c61d9ac19c02","The Heart Part 6","original","Lead","Drake","2024 LEAD / PRIMARY RELEASES","The Heart, Part 6","Drake (primary)","325000","","","1","0","approved"
"7bf1983f-092c-460e-86b6-af43c4265fe9","The Language","original","Lead","Drake","NOTHING WAS THE SAME (2013)","The Language","Drake (primary)","224040","2013-01-01","USCM51300749; USCM51300748","19","0","approved"
"99d7dee8-7d93-4fda-8bf5-31879930b798","The Motion","original","Lead","Drake feat. Sampha","CARE PACKAGE (2019)","The Motion","Drake (primary)","240957","2013-06-22","USCM51300760; USUG11902744; USUG11902761","11","0","approved"
"b550b766-73e8-4ae3-9c78-63a4c85c49a7","The Motto","original","Lead","Drake feat. Lil Wayne","TAKE CARE (2011)","The Motto","Drake (primary); Lil Wayne (featured)","181573","2011-11-15","USCM51100731; USCM51100730","11","4","approved"
"1a186b2c-fa67-4027-968b-eb3045e9a1b4","The Presentation","original","Lead","Drake","COMEBACK SEASON (2007)","The Presentation","Drake (primary)","213000","2007-01-01","","2","0","approved"
"0e18ad45-f93d-4e77-9936-c673ca65820f","The Question","original","Lead","Drake","COMEBACK SEASON (2007)","","Drake (primary)","","","","0","0","needs_review"
"58ce6d63-845a-4d54-ac66-1def8fc652e5","The Real Her","original","Lead","Drake feat. Lil Wayne & André 3000","TAKE CARE (2011)","The Real Her","Drake (primary); Lil Wayne (featured); André 3000 (featured)","321080","2011-11-14","USCM51100566; USCM51100567","11","0","approved"
"60938f7d-2f7e-4d06-a8f9-08130e6be85c","The Remorse","original","Lead","Drake","CERTIFIED LOVER BOY (2021)","The Remorse","Drake (primary)","351220","2021-09-03","USUG12104415; USUG12104435","8","0","approved"
"3f739c03-2dda-4fd3-95ab-80d4928d3316","The Resistance","original","Lead","Drake","THANK ME LATER (2010)","The Resistance","Drake (primary)","225360","2010-01-01","USCM51000253; USCM51000264","10","0","approved"
"54c4c9dc-d9cb-4852-a29d-77e2d820a253","The Ride","original","Lead","Drake","TAKE CARE (2011)","The Ride","Drake (primary)","351000","2011-11-14","USCM51100575; USCM51100574","12","1","approved"
"4bbdc1a7-8226-47e2-9cfb-6ec90ca73f0f","The Shoe Fits","original","Lead","Drake","FOR ALL THE DOGS + SCARY HOURS EDITION (2023)","The Shoe Fits","Drake (primary)","374000","2023-11-17","USUG12306116; USUG12306117","3","0","approved"
"9c40a01c-a505-4614-a05f-25143d8a5e8a","Think Good Thoughts","original","Lead","Drake feat. Phonte & Elzhi","COMEBACK SEASON (2007)","Think Good Thoughts","Drake (primary)","267000","2007-01-01","","2","0","approved"
"193bdbd2-6a6b-467b-9974-0e81823609b4","Tie That Binds","original","Lead","Drake","HONESTLY, NEVERMIND (2022)","Tie That Binds","Drake (primary)","336005","2022-06-17","USUG12204894","7","0","approved"
"fbf7d429-e101-48fa-bf3e-a0904c11fe37","Time Flies","original","Lead","Drake","DARK LANE DEMO TAPES (2020)","Time Flies","Drake (primary)","192931","2020-05-01","USUG12001729; USUG12001728","8","0","approved"
"f7e97e3a-d055-447e-b91f-c82eb41f20ad","Too Good","original","Lead","Drake feat. Rihanna","VIEWS (2016)","Too Good","Drake (primary); Rihanna (featured)","263373","2016-04-29","USCM51600088; USCM51600089","10","0","approved"
"e3ee5eae-2962-4768-8fc2-2420d88336ae","Too Much","original","Lead","Drake feat. Sampha","NOTHING WAS THE SAME (2013)","Too Much","Drake (primary); Sampha (featured)","261853","2013-01-01","USCM51300752; USCM51300753","20","1","approved"
"0afb41ce-7b7d-4967-8409-b2d29077f620","Toosie Slide","original","Lead","Drake","DARK LANE DEMO TAPES (2020)","Toosie Slide","Drake (primary)","247058","2020-04-03","USUG12001282; USUG12001281","9","0","approved"
"6a41170f-998f-4a62-8bfe-1d780bc6c61c","Treacherous Twins","original","Joint-Primary","Drake & 21 Savage","HER LOSS — WITH 21 SAVAGE (2022)","Treacherous Twins","Drake (primary); 21 Savage (primary)","180000","2023-03-17","USUG12208621; USUG12208605","8","1","approved"
"cd203ff0-f83f-4764-acdc-96fc5bc8a09e","Tried Our Best","original","Lead","Drake","FOR ALL THE DOGS + SCARY HOURS EDITION (2023)","Tried Our Best","Drake (primary)","209990","2023-11-17","USUG12306099; USUG12306098","9","0","approved"
"ed2ef763-d836-4eb7-a133-3eef9495e2cc","True Bestie","original","Lead / Collaboration","Drake & Iconic Savvy","MAID OF HONOUR (2026)","True Bestie","Drake (primary); Iconic Savvy (featured)","148000","2026-05-15","USUG12602465; USUG12602478","3","0","approved"
"815e69b0-2dc1-456b-851c-7093478a0081","Trust Issues","original","Lead","Drake","CARE PACKAGE (2019)","Trust Issues","Drake (primary)","281000","2011-06-21","USUG11902746; USUG11902763","7","0","approved"
"8d2b6784-d352-4274-a2f2-f2168bf75350","TSU","original","Lead","Drake","CERTIFIED LOVER BOY (2021)","TSU","Drake (primary)","308755","2021-09-03","USUG12104404; USUG12104424","8","0","approved"
"b915be47-ad49-4b69-8bff-4e861a5710bf","Tuscan Leather","original","Lead","Drake","NOTHING WAS THE SAME (2013)","Tuscan Leather","Drake (primary)","366400","2013-01-01","USCM51300735; USCM51300734","20","1","approved"
"4aba7305-c1f2-4e23-836b-2197342d8940","Underdog","original","Lead","Drake feat. Trey Songz","COMEBACK SEASON (2007)","Underdog","Drake (primary); Trey Songz (featured)","180000","2007-01-01","","2","0","approved"
"79ad273d-5856-49b4-a7d8-58ff9bdeaba0","Under Ground Kings","original","Lead","Drake","TAKE CARE (2011)","Under Ground Kings","Drake (primary)","212466","2011-11-14","USCM51100554; USCM51100555","11","0","approved"
"bd98fb21-c453-4e86-9394-42d3f0fcab8d","Unforgettable","original","Lead","Drake feat. Young Jeezy","THANK ME LATER (2010)","Unforgettable","Drake (primary); Jeezy (featured)","213813","2010-01-01","USCM51000258; USCM51000412","11","0","approved"
"1464cf8e-3e5f-495d-a878-74ebc54b4013","Unstoppable","original","Lead","Drake feat. Santigold & Lil Wayne","SO FAR GONE (2009)","Unstoppable","Drake (primary); Santigold (featured); Lil Wayne (featured)","209957","2009-02-13","USCM51900144; USCM51900179","10","1","approved"
"0871eb12-a05a-44cd-98e6-6a009d9c8175","Up All Night","original","Lead","Drake feat. Nicki Minaj","THANK ME LATER (2010)","Up All Night","Drake (primary); Nicki Minaj (featured)","234000","2010-01-01","USCM51000266; USCM51000255","11","0","approved"
"136f79e1-ff2f-43a8-bde2-d0d47cf32c88","Uptown","original","Lead","Drake feat. Bun B & Lil Wayne","SO FAR GONE (2009)","Uptown","Drake (primary); Bun B (featured); Lil Wayne (featured)","382000","2009-02-13","USCM51900145; USCM51900180","13","1","approved"
"43383a18-085c-4e5a-866b-abbba45ca691","Used To","original","Lead","Drake feat. Lil Wayne","IF YOU'RE READING THIS IT'S TOO LATE (2015)","Used To","Drake (primary); Lil Wayne (featured)","268476","2015-02-12","USCM51500027; USCM51500028","8","0","approved"
"7682d520-5292-4a51-afa1-453317c582c5","U With Me?","original","Lead","Drake","VIEWS (2016)","U With Me?","Drake (primary)","291373","2016-04-29","USCM51600065","6","0","approved"
"8b61e6e9-1406-460d-8a87-38292de96136","Video Girl","original","Lead","Drake","ROOM FOR IMPROVEMENT (2006)","Video Girl","DJ Smallz (primary); Drake (primary); Sean G (featured)","226000","2006-02-14","","1","1","approved"
"246a5546-453c-42aa-8f0d-b48b637e2cd0","Views","original","Lead","Drake","VIEWS (2016)","Views","Drake (primary)","305146","2016-04-29","USCM51600094","6","0","approved"
"d7b0909e-a447-4fad-aa02-93ed6ab4952a","Virginia Beach","original","Lead","Drake","FOR ALL THE DOGS + SCARY HOURS EDITION (2023)","Virginia Beach","Drake (primary)","251094","2023-11-17","USUG12306089; USUG12306066","9","0","approved"
"c4c61561-cd8b-4429-8e55-38470da84e81","Wants and Needs","original","Lead","Drake feat. Lil Baby","OTHER STANDALONE LEAD / JOINT-PRIMARY RELEASES","Wants and Needs","Drake (primary); Lil Baby (featured)","192956","2021-03-05","USUG12101045","1","0","approved"
"4b24ee02-b443-42de-8c07-2d293a4d3bae","War","original","Lead","Drake","DARK LANE DEMO TAPES (2020)","War","Drake (primary)","180000","2020-05-01","USUG12001409; USUG12001742","8","0","approved"
"838f4861-899e-4f85-9afc-5eee8d43a43a","Way 2 Sexy","original","Lead","Drake feat. Future & Young Thug","CERTIFIED LOVER BOY (2021)","Way 2 Sexy","Drake (primary); Future (featured); Young Thug (featured)","257604","2021-09-03","USUG12104403; USUG12104423","9","0","approved"
"a8443a2f-c7a8-4cac-9d14-ab9dbf1aae86","Wednesday Night Interlude","original","Lead","Drake feat. PARTYNEXTDOOR","IF YOU'RE READING THIS IT'S TOO LATE (2015)","Wednesday Night Interlude","Drake (primary); PARTYNEXTDOOR (featured)","212279","2015-02-12","USCM51500041; USCM51500042","8","0","approved"
"0d763b95-6879-4383-b54c-577d9dcc7e4d","We'll Be Fine","original","Lead","Drake feat. Birdman","TAKE CARE (2011)","We’ll Be Fine","Drake (primary); Birdman (featured)","247946","2011-11-14","USCM51100557; USCM51100556","11","0","approved"
"2b208d6e-ba02-4388-8852-6c14d80638f5","Weston Road Flows","original","Lead","Drake","VIEWS (2016)","Weston Road Flows","Drake (primary)","253546","2016-04-29","USCM51600070; USCM51600071","9","0","approved"
"dd443986-718b-48b7-a2fe-4967bb17805f","What Did I Miss?","original","Lead","Drake","ICEMAN (2026)","What Did I Miss?","Drake (primary)","194324","2025-07-05","USUG12505775; USUG12505774","7","0","approved"
"ee7404b6-cec7-45d9-9800-fca530b4e997","What's Next","original","Lead","Drake","OTHER STANDALONE LEAD / JOINT-PRIMARY RELEASES","What’s Next","Drake (primary)","178153","2021-03-05","USUG12101041","4","0","approved"
"d8193be8-5265-40a5-9453-0ae803c85aac","What Would Pluto Do","original","Lead","Drake","FOR ALL THE DOGS + SCARY HOURS EDITION (2023)","What Would Pluto Do","Drake (primary)","182998","2023-11-17","USUG12306103; USUG12306080","9","0","approved"
"8fadcf7d-b8d4-4a8b-888f-623dd6a36b50","WHEN HE'S GONE","original","Joint-Primary","PARTYNEXTDOOR & Drake","$OME $EXY $ONGS 4 U — WITH PARTYNEXTDOOR (2025)","WHEN HE’S GONE","PARTYNEXTDOOR (primary); Drake (primary)","209836","2025-01-01","USLD91772059; USLD91772038","3","0","approved"
"e9310c29-105b-4948-850b-cf27e22aedde","When to Say When","original","Lead","Drake","DARK LANE DEMO TAPES (2020)","When to Say When","Drake (primary)","223124","2020-05-01","USUG12001405; USUG12001406","8","0","approved"
"aefcd1e3-e2ec-4bf5-a025-5739af6b6859","Where's Your Stuff Interlude","original","Lead","Drake","MAID OF HONOUR (2026)","Where’s Your Stuff Interlude","Drake (primary)","52000","2026-05-15","USUG12602479; USUG12602466","3","0","approved"
"ffaa8140-1d68-4232-958e-140f0b795b13","Where to Aim","original","Lead","Drake","COMEBACK SEASON (2007)","","Drake (primary)","","","","0","0","needs_review"
"bfe64e3f-9223-4ca1-83d0-13d649a5bf0a","Which One","original","Lead / Collaboration","Drake & Central Cee","OTHER 2025 LEAD / PRIMARY RELEASES; MAID OF HONOUR (2026)","Which One","Drake (primary); Central Cee (primary)","169000","2025-07-25","USUG12506621; USUG12506622","4","0","approved"
"eff3979a-086d-4505-99a4-796f89741093","Whisper My Name","original","Lead","Drake","ICEMAN (2026)","Whisper My Name","Drake (primary)","222580","2026-05-15","USUG12602489; USUG12604779","5","0","approved"
"8f50bb8c-dc34-4560-8f0d-710f5774ba45","White Bone","original","Lead","Drake","HABIBTI (2026)","White Bone","Drake (primary)","297000","2026-05-15","USUG12602455; USUG12602443","3","0","approved"
"5468ad7d-732e-4984-8e42-4df81d57d33b","Wick Man","original","Lead","Drake","FOR ALL THE DOGS + SCARY HOURS EDITION (2023)","Wick Man","Drake (primary)","181000","2023-11-17","USUG12306119; USUG12306118","3","0","approved"
"f5941473-41c9-4ee6-867b-3bac01668050","With You","original","Lead","Drake feat. PARTYNEXTDOOR","VIEWS (2016)","With You","Drake (primary); PARTYNEXTDOOR (featured)","195040","2016-04-29","USCM51600074; USCM51600075","9","0","approved"
"26017c90-4d45-4f46-a2e2-741f728632af","WNBA","original","Lead","Drake","HABIBTI (2026)","WNBA","Drake (primary)","178000","2026-05-15","USUG12602382; USUG12602448","3","0","approved"
"ec9fc7c4-a197-471b-840e-d406b8d7ae08","Worst Behavior","original","Lead","Drake","NOTHING WAS THE SAME (2013)","Worst Behavior","Drake (primary)","270186","2013-01-01","USCM51300743; USCM51300742","20","1","approved"
"f50790a1-7a6c-42c6-bf93-ee887c1b6066","Wu-Tang Forever","original","Lead","Drake","NOTHING WAS THE SAME (2013)","Wu-Tang Forever","Drake (primary)","217680","2013-01-01","USCM51300738; USCM51300739","19","0","approved"
"c7987f55-caed-423a-ae6b-293392e9da48","Yebba's Heartbreak","original","Drake-project guest performance / Review","Yebba","CERTIFIED LOVER BOY (2021)","Yebba’s Heartbreak","Drake (primary); Yebba (primary)","133762","2021-09-03","USUG12104427; USUG12104407","8","0","needs_review"
"5910c0f1-50ef-45af-bcab-d068a7a22a25","You Broke My Heart","original","Lead","Drake","FOR ALL THE DOGS + SCARY HOURS EDITION (2023)","You Broke My Heart","Drake (primary)","230000","2023-11-17","USUG12309646; USUG12309647","3","0","approved"
"ba5d8b23-33ca-49f3-a75b-55882e2aecc1","You Only Live Twice","original","Lead","Drake feat. Lil Wayne & Rick Ross","CERTIFIED LOVER BOY (2021)","You Only Live Twice","Drake (primary); Lil Wayne (featured); Rick Ross (featured)","213103","2021-09-03","USUG12104440; USUG12104438","8","0","approved"
"46fcf2f2-f88c-455f-8cee-3cf3c6857bb1","You & the 6","original","Lead","Drake","IF YOU'RE READING THIS IT'S TOO LATE (2015)","You & The 6","Drake (primary)","264893","2015-02-12","USCM51500036; USCM51500035","8","0","approved"
